date,cld,dtr,frs,pet,pre,tmn,tmp,tmx,vap,wet,SPEI_1,SPEI_3,SPEI_6,SPEI_12,SPEI_24
0,54.5,12.0,25.25,1.3,8.9,-4.0,2.0,8.0,4.1,5.12,3,-1.78,0.45,0.27,-0.55
1,64.9,13.0,18.76,1.8,6.6,-1.1,5.4,11.9,5.3,4.18,0,-0.39,-0.57,0.05,-0.59
2,81.2,9.8,6.06,1.9,61.0,4.7,9.6,14.5,8.6,11.55,1,-0.61,-0.69,-0.15,-0.62
3,64.0,13.2,0.0,3.4,52.9,10.1,16.7,23.3,12.5,10.1,1,-0.28,-0.94,-0.1,-0.89
4,61.9,13.0,0.0,4.0,73.0,14.4,20.9,27.4,16.5,10.19,1,-1.03,-1.02,-0.91,-1.43
5,74.7,11.1,0.0,4.2,68.9,21.2,26.7,32.3,24.3,8.06,1,-1.13,-1.18,-1.2,-0.88
6,68.3,9.8,0.0,4.3,121.1,24.1,29.0,33.9,30.4,11.38,1,-1.16,-1.13,-0.8,-0.67
7,57.1,9.0,0.0,3.9,89.6,22.7,27.2,31.7,29.2,10.53,0,-0.97,-1.25,-1.3,-0.57
8,61.9,9.8,0.0,2.9,79.7,16.9,21.8,26.7,20.7,11.81,0,-0.44,-1.02,-1.13,-0.44
9,72.9,8.5,0.0,1.9,56.9,12.1,16.3,20.6,14.6,10.78,0,0.87,-0.51,-0.89,-0.27
10,71.8,7.1,1.38,1.3,82.8,7.5,11.0,14.6,10.5,13.61,0,1.3,-0.33,-0.84,-0.33
11,56.3,9.2,18.98,1.1,13.9,-0.4,4.2,8.8,5.9,7.99,1,1.26,0.04,-0.83,-0.38
12,36.9,11.6,25.78,1.3,9.2,-4.5,1.3,7.1,4.0,5.15,1,-0.65,0.58,-0.73,-0.35
13,55.7,12.9,18.53,1.8,24.9,-1.0,5.5,12.0,5.7,7.9,4,-2.17,-0.2,-1.2,-0.88
14,51.3,14.2,12.07,2.7,4.1,2.2,9.3,16.4,6.8,3.02,0,-1.2,-0.27,-1.08,-0.88
15,63.8,12.3,0.89,3.1,75.3,8.0,14.1,20.3,10.8,12.0,2,-1.41,-1.48,-1.26,-0.95
16,68.9,12.3,0.0,3.8,42.2,14.4,20.5,26.7,15.8,7.84,0,-0.48,-1.33,-1.12,-1.32
17,69.3,11.2,0.0,4.4,106.2,19.9,25.5,31.1,21.7,10.09,0,-0.81,-1.21,-0.95,-1.37
18,70.5,10.1,0.0,4.1,136.6,23.3,28.3,33.4,30.0,12.17,0,0.22,-0.57,-0.24,-0.77
19,64.0,8.3,0.0,3.6,180.3,22.0,26.1,30.3,28.1,14.43,0,0.15,-0.17,-0.22,-1.15
20,61.3,9.6,0.0,2.9,86.4,17.0,21.8,26.6,20.8,12.65,0,0.58,-0.16,-0.28,-1.07
21,65.7,9.9,0.0,2.0,47.8,11.0,15.9,20.9,14.0,9.91,0,1.07,0.66,-0.15,-0.81
22,69.1,8.1,6.07,1.3,106.4,4.6,8.6,12.7,8.6,15.2,0,1.37,0.69,-0.19,-0.77
23,46.3,10.4,18.45,1.2,10.0,-0.2,5.0,10.2,6.1,7.07,4,1.22,0.92,-0.31,-0.85
24,21.8,13.5,26.77,1.6,0.1,-5.5,1.3,8.1,2.9,0.02,3,-2.27,0.21,-0.44,-0.86
25,47.0,14.3,21.91,1.9,5.9,-3.1,4.1,11.3,4.5,3.98,0,-1.29,0.48,0.03,-0.89
26,53.7,10.9,7.38,2.4,67.8,4.1,9.5,15.0,7.9,12.11,0,0.56,1.16,0.29,-0.59
27,84.0,7.9,0.0,2.3,86.9,9.9,13.8,17.8,12.2,12.83,0,2.22,1.44,1.28,0.08
28,77.6,8.2,0.0,2.9,180.6,15.6,19.7,23.8,19.1,15.19,2,1.33,0.75,1.0,-0.05
29,66.3,11.7,0.0,4.5,49.3,19.7,25.5,31.4,21.4,7.06,0,0.55,0.66,1.11,0.15
30,72.5,8.5,0.0,3.9,149.4,23.2,27.4,31.7,28.3,12.68,0,0.77,1.7,1.59,1.04
31,77.5,7.0,0.0,3.2,281.1,23.2,26.7,30.2,29.3,17.85,0,1.49,1.77,1.82,1.27
32,73.3,7.4,0.0,2.7,128.5,18.5,22.2,25.9,21.3,14.92,3,1.5,1.29,1.53,1.0
33,51.9,11.9,0.0,2.4,7.0,10.1,16.0,22.0,12.4,3.75,1,-0.19,0.49,1.05,0.7
34,61.8,10.8,4.87,1.5,19.2,5.2,10.6,16.0,9.6,6.89,0,-1.38,0.92,1.05,0.68
35,48.3,10.9,21.27,1.2,10.2,-1.3,4.2,9.7,5.7,6.95,0,0.24,1.48,1.35,0.84
36,67.5,7.8,21.77,1.0,40.1,-1.5,2.4,6.3,5.3,10.31,0,1.68,0.51,1.65,1.0
37,86.1,6.4,24.12,1.0,41.8,-4.5,-1.3,1.9,3.8,9.95,0,1.64,-0.21,1.59,1.24
38,65.7,10.0,6.93,2.0,43.0,4.3,9.3,14.3,8.7,9.89,0,3.18,2.69,2.11,1.76
39,89.3,6.6,0.0,2.2,202.3,12.6,15.9,19.2,14.9,18.59,0,2.66,2.8,1.96,2.06
40,70.2,9.4,0.0,3.3,143.7,15.1,19.8,24.5,17.7,13.87,0,2.2,2.2,2.16,2.0
41,69.0,11.5,0.0,4.4,84.2,19.3,25.0,30.8,20.8,9.16,0,1.02,2.15,2.36,2.15
42,71.7,8.5,0.0,4.0,215.6,24.1,28.3,32.6,29.4,15.03,0,0.23,1.63,1.63,2.1
43,60.2,8.5,0.0,3.8,127.1,22.8,27.0,31.3,28.8,12.25,0,0.95,1.89,1.76,2.4
44,81.6,5.8,0.0,2.4,147.0,19.0,21.9,24.8,21.5,15.47,0,1.72,1.67,2.43,2.67
45,88.0,5.3,0.0,1.6,158.1,13.8,16.4,19.1,15.6,17.29,1,1.86,1.2,2.41,2.49
46,53.4,10.2,5.06,1.6,11.5,5.1,10.2,15.3,8.8,5.51,0,1.63,1.41,2.41,2.48
47,57.0,9.9,20.27,1.2,8.8,-0.9,4.1,9.1,5.6,6.7,0,-0.99,1.4,2.29,2.56
48,51.7,9.7,21.77,1.2,16.9,-1.5,3.4,8.3,5.3,6.86,0,0.04,1.84,2.18,2.61
49,72.3,9.0,15.47,1.4,28.5,0.3,4.8,9.3,6.1,8.33,0,-0.1,1.45,2.08,2.49
50,60.6,12.1,11.04,2.4,40.2,2.6,8.6,14.7,7.0,9.41,0,0.78,0.08,1.65,2.44
51,79.4,9.3,0.38,2.4,90.7,8.7,13.3,18.0,11.6,13.04,3,-0.5,-0.45,0.99,1.92
52,58.4,13.1,0.0,4.2,33.1,14.7,21.2,27.8,16.7,7.03,2,-1.17,-1.03,0.79,1.91
53,68.1,13.0,0.0,4.6,49.0,18.6,25.1,31.6,19.4,6.93,0,-0.12,0.19,1.16,2.17
54,72.5,7.6,0.0,3.8,272.4,23.6,27.4,31.2,29.4,16.67,0,0.8,0.44,1.35,1.96
55,61.6,8.9,0.0,3.6,173.7,21.0,25.4,29.9,26.3,14.33,2,0.74,-0.0,0.52,1.65
56,56.6,11.4,0.0,3.2,28.8,15.6,21.3,27.0,18.4,7.48,0,-0.1,-0.18,-0.19,1.83
57,54.5,10.9,0.0,2.2,63.0,11.3,16.7,22.2,14.6,11.24,0,-0.73,0.28,-0.03,1.94
58,58.1,10.5,4.13,1.5,36.3,5.6,10.8,16.1,9.7,9.39,1,0.03,0.68,-0.05,1.92
59,55.1,10.7,23.09,1.3,7.7,-2.1,3.3,8.7,4.6,5.66,1,-0.51,-0.28,-0.1,1.79
60,51.6,11.0,23.68,1.2,9.7,-2.6,2.9,8.4,5.1,5.37,1,-1.1,-1.13,-0.22,1.61
61,54.7,12.7,17.14,1.7,18.5,-0.4,6.0,12.4,6.3,6.93,0,-0.55,-0.39,-0.12,1.59
62,68.6,10.7,6.93,2.1,43.1,4.3,9.6,15.0,8.6,9.6,0,-0.42,-0.63,-0.44,0.97
63,72.5,11.8,0.22,2.8,53.3,9.0,14.9,20.8,12.4,10.2,0,-0.1,-0.53,-0.03,0.67
64,70.7,10.3,0.0,3.7,80.2,15.1,20.2,25.4,15.4,10.62,2,-0.94,-1.0,0.01,0.51
65,67.3,11.4,0.0,4.6,52.8,20.2,25.9,31.6,20.8,7.29,2,-1.5,-1.37,-1.3,-0.04
66,69.8,9.8,0.0,4.1,93.9,23.1,28.0,32.9,29.1,10.37,3,-2.19,-1.8,-2.02,-0.57
67,48.8,11.5,0.0,4.6,43.8,22.5,28.2,34.0,27.4,7.52,4,-2.27,-2.14,-2.02,-1.31
68,52.4,13.1,0.0,3.5,10.3,14.4,20.9,27.5,16.0,4.54,0,-2.11,-2.22,-2.02,-1.73
69,56.7,11.6,0.0,2.3,59.0,10.6,16.4,22.2,13.0,10.97,1,-1.62,-2.33,-2.07,-1.7
70,51.1,12.0,7.59,1.8,21.6,3.9,9.9,15.9,7.6,7.33,0,-0.38,-2.18,-2.06,-1.69
71,73.9,8.3,23.33,1.1,12.3,-2.3,1.9,6.1,4.5,7.78,2,-1.1,-2.28,-2.08,-1.72
72,50.0,11.7,26.09,1.4,8.5,-4.8,1.1,7.0,3.6,4.6,0,0.67,-1.26,-1.9,-1.63
73,63.4,9.1,19.66,1.4,54.4,-1.5,3.1,7.7,5.2,11.35,0,1.3,0.46,-1.86,-1.51
74,64.6,10.8,10.02,2.1,72.2,3.0,8.4,13.8,7.8,12.46,0,1.82,0.97,-1.8,-1.56
75,75.4,9.1,0.01,2.6,86.7,9.8,14.3,18.9,12.4,12.77,0,1.12,1.19,-1.76,-1.28
76,71.5,11.0,0.0,3.6,91.0,16.2,21.7,27.2,18.7,11.24,0,0.56,0.97,-1.54,-1.05
77,68.7,12.1,0.0,4.6,104.7,20.7,26.7,32.8,22.4,9.67,0,0.53,1.18,-0.74,-1.31
78,69.5,7.9,0.0,3.9,205.2,23.5,27.4,31.4,29.4,14.7,1,-0.11,0.39,-0.3,-1.7
79,52.4,9.4,0.0,4.4,98.3,24.4,29.1,33.8,30.8,10.82,0,0.62,0.71,0.81,-1.12
80,70.7,9.6,0.0,2.8,170.5,16.2,21.0,25.8,19.2,17.09,0,0.26,0.46,0.71,-1.19
81,53.6,11.6,0.0,2.3,44.4,10.0,15.8,21.6,12.5,9.62,0,1.85,0.97,1.34,-0.82
82,76.3,6.8,6.92,1.2,120.8,4.2,7.6,11.0,8.0,16.18,1,1.3,1.03,1.27,-0.83
83,29.5,10.1,25.68,1.2,0.2,-4.4,0.7,5.8,3.7,0.57,0,2.09,0.99,1.36,-0.79
84,64.4,9.1,24.26,1.2,20.7,-3.1,1.5,6.1,4.3,7.47,3,-1.52,1.49,1.02,-0.85
85,57.4,11.7,23.73,1.7,0.3,-4.1,1.8,7.7,3.6,0.33,0,-1.08,0.52,0.83,-0.9
86,63.2,11.2,6.49,2.4,42.1,4.5,10.1,15.7,7.8,9.54,1,-1.29,0.32,0.54,-0.97
87,66.4,12.4,0.14,3.2,47.3,9.2,15.4,21.6,11.7,9.58,0,-0.45,-0.98,0.5,-0.94
88,67.5,11.2,0.0,3.6,83.7,14.6,20.2,25.8,16.7,10.85,2,-1.08,-1.34,0.19,-0.94
89,56.0,13.3,0.0,5.2,72.5,20.1,26.7,33.4,20.3,7.97,0,0.18,-0.5,0.36,-0.25
90,62.4,8.3,0.0,4.1,234.8,22.8,26.9,31.1,27.7,15.45,0,0.44,0.1,0.87,0.41
91,61.1,8.7,0.0,3.7,168.9,21.7,26.0,30.4,26.8,14.07,0,1.01,0.3,0.45,0.92
92,65.9,8.8,0.0,2.9,110.2,17.4,21.8,26.2,20.1,13.81,0,1.05,0.77,0.77,1.07
93,59.4,10.4,0.02,2.1,92.2,9.7,14.9,20.1,12.5,13.52,0,0.77,0.65,0.09,1.11
94,58.8,10.4,3.95,1.5,20.1,5.7,10.9,16.1,9.7,6.9,0,0.9,1.21,0.29,1.19
95,76.2,6.9,10.78,1.0,27.1,2.7,6.1,9.6,7.4,11.1,0,0.98,1.25,0.45,1.35
96,64.8,8.7,25.78,1.0,42.0,-4.5,-0.1,4.3,4.2,10.47,0,1.73,1.31,0.69,1.25
97,75.0,7.4,23.0,1.1,22.6,-4.2,-0.5,3.2,4.1,7.52,0,0.92,1.3,0.72,1.1
98,72.5,9.9,9.77,1.9,27.0,3.1,8.0,13.0,7.8,7.91,0,1.61,1.77,1.34,1.28
99,64.3,10.6,0.08,2.9,144.8,9.4,14.7,20.0,12.4,15.99,0,1.13,1.61,1.36,1.25
100,61.3,10.4,0.0,3.8,88.0,16.4,21.6,26.8,18.9,11.1,3,0.26,0.6,1.35,1.02
101,63.1,11.3,0.0,4.7,45.4,19.6,25.2,30.9,19.4,6.81,0,-0.65,0.17,1.03,0.87
102,68.8,8.8,0.0,3.9,168.9,22.6,27.0,31.4,28.7,13.35,1,-0.83,-0.19,0.53,0.96
103,54.9,9.5,0.0,4.1,109.6,22.2,26.9,31.7,27.6,11.42,0,0.32,0.33,0.75,0.87
104,67.7,7.7,0.0,2.8,150.8,18.3,22.1,26.0,21.2,16.07,2,-0.12,-0.52,0.21,0.72
105,49.8,11.3,0.0,2.4,12.8,11.5,17.1,22.8,14.1,5.22,0,0.31,-0.58,0.25,0.25
106,53.8,10.5,10.19,1.6,31.7,2.8,8.0,13.3,6.9,8.64,2,-1.38,-0.27,0.01,0.24
107,41.7,12.6,24.15,1.4,0.8,-3.0,3.3,9.6,4.2,1.68,2,-1.28,-0.58,-0.29,0.12
108,49.1,11.2,25.99,1.3,3.0,-4.7,0.9,6.5,3.7,2.61,0,-1.1,-0.17,-0.3,0.3
109,65.2,10.8,17.14,1.6,35.2,-0.4,5.0,10.4,5.8,9.28,0,-0.36,-1.42,-0.25,0.34
110,82.0,8.5,12.07,1.8,30.0,2.2,6.4,10.7,6.5,8.4,0,1.12,0.18,-0.45,0.69
111,66.0,11.0,0.32,2.9,113.9,8.8,14.3,19.8,11.6,14.46,0,1.33,0.83,-0.18,0.87
112,73.4,10.2,0.0,3.4,117.7,15.5,20.6,25.7,18.0,12.44,0,1.24,0.95,0.32,1.1
113,71.5,9.6,0.0,3.9,91.2,19.1,23.9,28.7,21.1,9.55,0,0.32,0.7,0.17,0.76
114,66.8,9.6,0.0,4.0,147.4,22.3,27.1,31.9,28.0,12.37,1,-0.54,0.17,0.04,0.38
115,58.2,9.5,0.0,4.0,92.6,22.5,27.2,32.0,28.6,9.92,0,0.01,0.63,0.01,0.57
116,69.6,8.0,0.0,2.6,146.8,17.0,21.0,25.0,20.7,16.02,0,0.5,0.48,0.45,0.48
117,57.1,10.6,0.0,2.2,76.4,11.2,16.5,21.8,14.0,12.4,1,0.96,0.02,0.32,0.43
118,54.2,11.3,8.74,1.5,10.4,3.4,9.0,14.7,8.0,5.12,0,-0.05,-0.01,0.44,0.35
119,57.6,9.8,19.75,1.1,10.2,-0.7,4.2,9.1,5.7,7.12,0,-0.6,0.27,0.58,0.22
120,46.1,10.9,24.49,1.3,27.1,-3.3,2.2,7.7,4.5,8.62,0,0.46,1.01,0.57,0.21
121,65.8,8.9,20.32,1.4,28.6,-1.8,2.7,7.2,4.9,8.49,0,0.05,-0.12,0.55,0.21
122,62.4,10.3,11.29,2.0,26.0,2.5,7.6,12.8,7.5,7.85,0,-0.03,-0.36,0.31,-0.13
123,75.3,10.1,0.02,2.7,63.8,9.7,14.7,19.8,12.2,11.12,1,-0.44,-0.24,-0.14,-0.23
124,59.5,12.0,0.0,4.0,68.8,14.6,20.6,26.6,16.5,9.57,0,1.79,1.52,1.01,0.86
125,77.3,9.5,0.0,3.8,259.3,20.2,24.9,29.7,22.9,15.41,2,0.65,0.51,0.58,0.45
126,54.8,9.6,0.0,4.8,100.4,24.8,29.6,34.4,30.5,10.48,0,1.05,0.73,1.09,0.8
127,61.8,8.3,0.0,3.8,186.1,22.5,26.6,30.8,27.0,14.83,0,-0.33,0.77,0.67,0.51
128,72.6,8.2,0.0,2.7,83.5,17.1,21.2,25.3,19.3,11.92,0,0.96,0.98,0.75,0.88
129,63.9,9.4,0.0,2.0,85.2,10.3,15.0,19.7,13.0,12.97,0,1.0,1.26,1.05,1.04
130,45.7,11.0,6.71,1.5,65.2,4.3,9.8,15.3,9.1,12.13,0,1.19,0.2,1.03,1.1
131,42.4,9.9,22.73,1.2,8.6,-1.9,3.1,8.1,4.9,6.48,0,0.99,1.17,1.04,1.2
132,67.0,8.0,23.33,1.0,21.7,-2.3,1.7,5.7,5.2,7.69,0,0.56,1.08,1.06,1.2
133,81.6,7.0,22.48,1.1,23.6,-2.9,0.6,4.1,4.7,7.75,0,1.86,2.23,1.43,1.42
134,70.4,9.6,6.06,2.0,95.1,4.7,9.5,14.3,8.9,14.16,2,0.46,0.96,1.23,1.06
135,61.2,10.9,0.14,2.9,19.4,9.2,14.6,20.1,12.3,6.45,0,0.9,0.97,1.59,1.07
136,78.3,10.1,0.0,3.4,119.1,15.2,20.2,25.3,16.8,12.63,0,0.56,1.22,0.92,1.21
137,66.5,11.1,0.0,4.7,149.9,21.0,26.5,32.1,22.0,11.87,1,0.27,0.38,1.1,1.04
138,69.6,8.5,0.0,4.0,106.5,22.6,26.8,31.1,26.7,10.51,3,-1.03,-0.48,0.13,0.86
139,54.9,9.3,0.0,4.1,48.6,22.1,26.7,31.4,26.2,7.48,0,-1.44,-0.92,-0.0,0.5
140,61.9,10.3,0.0,3.0,77.3,15.5,20.6,25.8,17.9,11.79,0,-1.08,-0.56,-0.19,0.42
141,58.2,11.2,0.0,2.2,59.6,10.2,15.8,21.4,13.0,10.94,0,0.36,-0.71,-0.24,0.63
142,57.3,9.4,4.49,1.4,55.9,5.4,10.1,14.8,9.6,11.39,0,0.66,-1.06,-0.19,0.66
143,59.0,8.8,18.71,1.2,17.0,-0.3,4.1,8.5,5.3,8.84,0,1.26,-0.57,-0.15,0.69
144,69.7,7.6,21.77,0.9,27.0,-1.5,2.3,6.1,5.5,8.64,0,0.97,0.63,-0.17,0.69
145,79.2,7.3,12.81,1.2,23.1,1.4,5.0,8.7,6.8,7.6,0,0.63,0.9,-0.53,0.74
146,67.2,9.6,4.84,2.1,36.5,5.3,10.1,14.9,9.1,9.16,0,2.48,2.51,0.65,1.27
147,73.9,10.0,0.0,2.8,198.7,11.3,16.3,21.3,13.9,18.62,0,1.83,1.9,0.4,1.36
148,79.4,8.6,0.0,3.0,66.0,15.0,19.3,23.6,17.1,9.74,0,1.55,1.47,0.08,0.65
149,67.3,10.1,0.0,4.3,87.6,20.1,25.1,30.2,22.2,9.34,0,0.58,1.53,0.9,1.22
150,70.5,7.5,0.0,3.7,219.4,23.2,26.9,30.7,29.1,15.17,2,-0.23,0.73,0.91,0.73
151,47.5,9.6,0.0,4.4,72.8,22.8,27.6,32.4,28.0,9.58,0,0.49,1.17,1.36,1.03
152,66.7,8.8,0.0,2.6,154.2,16.2,20.6,25.0,20.2,15.99,1,-0.39,0.1,1.12,0.72
153,64.5,9.8,0.0,2.2,18.6,10.7,15.6,20.5,12.5,6.46,3,0.07,-0.24,0.72,0.37
154,43.8,13.4,7.82,2.0,5.3,3.8,10.5,17.2,7.1,3.44,3,-1.9,-0.38,0.56,0.29
155,31.3,13.5,23.8,1.6,0.4,-2.7,4.1,10.9,3.9,0.56,0,-1.76,-1.03,0.48,0.26
156,59.5,9.0,24.6,1.1,22.0,-3.4,1.1,5.6,4.5,7.74,0,-0.19,-0.07,0.52,0.27
157,71.0,9.6,20.74,1.3,31.8,-2.0,2.8,7.6,5.4,8.9,0,0.56,-1.45,0.57,0.01
158,65.4,10.8,9.03,2.3,45.0,3.4,8.8,14.2,6.9,10.06,1,-0.21,-1.22,-0.41,0.15
159,56.3,12.2,0.0,3.5,63.2,10.9,17.0,23.1,12.6,11.0,0,0.76,0.59,0.01,0.27
160,66.3,10.6,0.0,3.5,145.5,15.7,21.0,26.3,19.8,13.78,2,0.01,0.26,-0.26,-0.14
161,67.4,11.1,0.0,4.5,54.5,19.8,25.3,30.9,20.5,7.08,2,-0.83,-0.8,-1.32,-0.26
162,73.6,9.3,0.0,3.8,68.5,22.4,27.0,31.7,27.6,8.81,0,-1.4,-0.85,-0.8,0.08
163,60.4,9.2,0.0,3.9,124.2,21.4,26.0,30.6,25.4,12.11,0,-1.0,-0.83,-1.26,0.07
164,66.8,10.4,0.0,3.0,82.1,16.7,21.9,27.1,19.1,12.35,0,0.23,-0.41,-0.84,0.23
165,72.6,8.9,0.0,2.0,86.0,11.0,15.4,19.9,12.9,12.93,0,0.64,-0.83,-0.53,0.14
166,66.8,9.1,3.44,1.4,40.7,6.0,10.5,15.1,9.4,9.83,0,1.37,-0.32,-0.22,0.26
167,70.5,6.4,19.75,0.9,31.0,-0.7,2.5,5.7,5.3,11.83,2,0.6,0.4,-0.36,0.1
168,55.3,10.0,22.25,1.1,0.9,-1.7,3.3,8.3,5.7,1.45,0,0.38,0.68,-0.45,0.06
169,59.9,10.0,16.43,1.6,25.8,-0.1,4.9,9.9,5.5,8.08,1,-1.23,0.51,-0.57,-0.02
170,66.1,10.7,6.71,2.3,22.4,4.4,9.7,15.1,7.8,7.24,0,0.81,1.0,-0.02,-0.33
171,74.4,9.9,0.0,2.8,127.6,10.0,14.9,19.9,12.2,15.18,1,0.21,0.31,-0.7,-0.48
172,72.8,10.4,0.0,3.4,43.3,14.1,19.3,24.5,15.7,7.97,0,0.93,0.39,-0.12,-0.27
173,73.3,9.6,0.0,4.2,129.6,20.9,25.7,30.5,22.5,11.05,1,-0.67,-0.24,0.1,-0.81
174,73.9,8.0,0.0,3.7,94.6,23.3,27.3,31.3,29.3,10.35,0,0.5,0.46,0.7,-0.09
175,56.2,8.0,0.0,4.0,226.9,23.2,27.2,31.2,28.7,15.74,0,0.53,0.84,0.94,-0.29
176,73.4,7.9,0.0,2.7,121.1,19.2,23.1,27.1,23.5,14.6,0,1.73,0.85,1.07,0.19
177,65.6,8.0,0.0,1.9,109.8,12.4,16.4,20.4,14.9,14.52,1,1.08,0.87,0.86,0.26
178,62.2,9.7,5.86,1.5,8.2,4.7,9.5,14.4,8.2,4.51,0,1.12,0.89,0.83,0.48
179,43.6,9.9,23.91,1.2,34.0,-2.8,2.2,7.2,4.6,12.29,4,-0.98,1.41,0.76,0.31
180,44.6,12.0,24.93,1.5,1.3,-3.7,2.3,8.3,3.5,1.37,0,1.02,1.31,0.97,0.42
181,66.1,8.7,15.02,1.4,57.4,0.7,5.0,9.4,6.4,11.62,2,-0.56,0.64,0.97,0.31
182,72.8,9.9,9.77,2.0,9.3,3.1,8.0,13.0,7.3,4.86,0,0.49,-0.17,0.75,0.49
183,75.3,10.6,0.38,2.8,78.5,8.7,14.0,19.3,11.1,12.13,0,-0.34,0.1,0.87,0.14
184,64.1,10.7,0.0,3.9,76.9,15.3,20.6,26.0,16.2,10.36,0,-0.23,-0.39,0.56,0.27
185,69.6,10.2,0.0,4.4,79.3,19.9,25.0,30.1,20.0,9.04,0,-0.48,-0.23,0.91,0.64
186,69.4,8.8,0.0,3.9,155.0,22.1,26.5,30.9,26.9,12.35,0,-0.27,-0.47,0.29,0.68
187,70.7,7.8,0.0,3.5,122.8,22.3,26.2,30.1,26.8,12.08,1,-0.53,-0.58,-0.31,0.48
188,66.8,9.7,0.0,3.0,41.8,16.7,21.5,26.4,19.1,8.48,0,-0.61,-0.73,-0.73,0.27
189,55.5,10.8,0.0,2.3,49.5,11.5,16.9,22.3,13.8,9.68,0,-0.73,-0.65,-0.58,0.21
190,56.5,9.6,11.68,1.4,30.7,2.2,7.0,11.8,6.8,8.62,1,-0.38,-0.62,-0.77,0.05
191,59.4,10.1,21.02,1.3,6.7,-1.2,3.9,9.0,4.9,5.32,0,-0.4,-0.71,-0.63,0.1
192,69.9,8.1,26.77,1.0,11.2,-5.5,-1.4,2.7,3.4,5.52,3,-1.62,-1.32,-1.01,-0.04
193,54.9,12.0,21.28,1.8,0.4,-2.5,3.5,9.5,4.2,0.51,0,-0.94,-0.92,-0.84,0.1
194,59.3,11.7,5.03,2.6,59.2,5.2,11.0,16.9,8.0,11.41,0,0.83,0.48,-0.53,0.14
195,74.2,9.0,0.0,2.8,132.1,11.9,16.4,20.9,14.0,15.19,0,1.32,0.63,-0.36,0.37
196,75.8,8.9,0.0,3.1,80.9,14.6,19.0,23.5,16.7,10.61,3,0.38,-0.0,-0.65,-0.06
197,67.7,11.0,0.0,4.5,43.8,19.9,25.4,30.9,20.7,6.41,0,0.9,1.06,0.39,0.81
198,73.2,7.6,0.0,3.7,291.8,24.0,27.8,31.6,30.4,17.25,1,0.33,0.86,0.12,0.27
199,60.2,8.4,0.0,3.8,97.8,21.8,26.0,30.2,26.7,11.02,2,0.35,0.41,0.03,-0.21
200,53.9,9.8,0.0,3.3,42.8,17.2,22.1,27.0,19.0,8.83,0,-0.65,0.18,0.28,-0.36
201,54.2,10.8,0.0,2.4,90.5,12.7,18.1,23.5,14.9,13.43,0,-0.21,0.09,0.29,-0.24
202,46.7,10.6,6.28,1.6,41.1,4.5,9.8,15.1,8.6,9.94,0,0.98,0.68,0.45,-0.25
203,62.6,7.9,12.86,1.1,27.4,1.9,5.8,9.8,6.6,11.17,2,0.08,-0.59,0.35,-0.22
204,43.5,11.3,23.91,1.4,7.8,-2.8,2.9,8.6,4.4,4.39,0,-0.06,-0.29,0.54,-0.38
205,56.7,9.9,19.44,1.6,25.4,-1.4,3.6,8.6,5.0,8.0,0,-0.89,0.3,0.49,-0.29
206,70.8,10.1,8.31,2.1,30.2,3.7,8.7,13.8,7.4,8.33,4,-1.61,-1.36,-0.4,-0.68
207,52.0,13.1,0.0,3.7,17.6,10.0,16.5,23.1,11.6,6.0,0,-1.32,-1.21,-0.56,-0.64
208,69.6,12.1,0.0,4.0,86.3,15.5,21.5,27.6,16.1,10.99,0,-0.9,-1.1,-0.04,-0.47
209,64.4,10.5,0.0,4.6,121.3,21.0,26.2,31.5,22.8,10.82,2,-0.78,-1.38,-1.5,-0.75
210,64.1,8.3,0.0,4.3,98.2,24.2,28.3,32.5,29.5,10.35,2,-1.26,-1.65,-1.58,-1.11
211,47.2,9.7,0.0,4.5,78.8,23.3,28.1,33.0,28.1,9.69,3,-1.9,-1.87,-1.61,-1.24
212,56.6,12.1,0.0,3.5,28.0,16.4,22.4,28.5,18.1,7.39,0,-1.64,-1.55,-1.73,-1.21
213,53.5,12.7,0.0,2.5,59.5,10.1,16.4,22.8,12.3,10.94,0,-0.6,-1.32,-1.58,-1.09
214,70.8,7.5,3.61,1.3,61.1,5.9,9.6,13.4,9.2,11.86,0,0.43,-1.59,-1.71,-1.07
215,47.2,9.5,17.39,1.2,5.8,0.2,4.9,9.7,5.8,5.46,0,0.94,-1.24,-1.6,-1.03
216,51.7,9.9,23.09,1.2,26.8,-2.1,2.9,7.9,5.1,8.61,0,0.13,-0.57,-1.57,-0.88
217,48.5,11.4,14.75,1.7,33.2,0.6,6.3,12.0,6.5,8.73,0,0.18,0.39,-1.61,-0.92
218,67.3,11.2,9.77,2.1,34.7,3.1,8.7,14.3,7.7,8.69,0,0.75,1.13,-1.08,-1.05
219,67.2,10.7,0.14,2.7,98.6,9.2,14.5,19.9,12.7,13.34,0,0.48,0.45,-1.1,-1.14
220,56.6,11.8,0.0,4.1,89.5,13.4,19.3,25.2,14.1,11.26,0,0.4,0.43,-1.3,-0.91
221,53.2,11.8,0.0,5.2,118.4,20.7,26.6,32.5,21.3,10.79,0,1.03,1.15,0.1,-0.94
222,65.2,8.2,0.0,4.0,284.3,23.0,27.1,31.2,29.3,16.88,0,0.81,0.87,0.49,-0.86
223,58.6,8.1,0.0,3.9,127.1,23.0,27.0,31.1,28.4,12.03,0,2.02,1.86,1.88,0.24
224,72.2,7.7,0.0,2.5,264.3,16.7,20.5,24.4,19.9,20.71,4,1.06,1.27,1.51,-0.25
225,29.9,14.1,0.0,3.0,2.2,10.8,17.8,24.9,12.7,1.46,2,1.05,1.09,1.14,-0.46
226,36.4,12.3,9.46,1.9,8.6,3.1,9.2,15.4,6.4,4.73,0,-1.61,1.43,1.34,-0.4
227,61.2,8.6,14.99,1.0,35.6,1.1,5.4,9.7,6.9,12.52,0,-0.13,0.96,1.32,-0.3
228,49.0,9.2,23.45,1.2,25.0,-2.4,2.2,6.8,4.7,8.36,2,0.51,1.12,1.19,-0.38
229,60.0,9.7,21.04,1.5,4.0,-1.8,3.1,8.0,4.9,2.85,0,0.78,-1.07,1.44,-0.13
230,86.2,7.6,9.28,1.6,66.3,3.3,7.1,10.9,7.8,11.98,1,-0.12,-0.16,1.17,0.11
231,59.5,10.3,0.06,3.1,46.5,9.5,14.6,19.8,11.3,9.6,0,0.76,0.83,1.38,0.29
232,59.0,11.7,0.0,4.1,125.7,15.0,20.8,26.7,16.1,12.99,0,1.62,1.57,2.05,0.81
233,73.5,8.8,0.0,3.9,218.3,21.0,25.4,29.8,24.0,14.24,0,1.53,1.35,1.59,1.13
234,73.3,7.0,0.0,3.6,165.6,22.6,26.1,29.6,27.3,12.88,0,1.55,1.69,1.92,1.71
235,68.6,7.1,0.0,3.2,201.2,21.0,24.5,28.1,25.9,15.11,0,0.57,1.27,0.83,1.91
236,57.3,9.2,0.0,3.0,61.8,16.4,21.0,25.6,19.2,10.53,0,0.88,1.5,1.36,1.98
237,65.9,8.6,0.0,2.0,73.9,12.4,16.7,21.0,14.8,11.87,2,-0.37,1.19,1.39,1.82
238,40.1,11.3,2.96,1.8,12.9,6.3,11.9,17.6,9.3,5.43,3,-0.61,0.28,1.12,1.76
239,34.2,12.0,22.25,1.6,0.6,-1.7,4.3,10.3,4.1,0.84,0,-1.59,0.29,1.08,1.72
240,54.6,8.8,24.82,1.2,18.6,-3.6,0.8,5.2,3.9,7.29,0,-0.44,-0.57,1.25,1.73
241,65.7,9.1,16.9,1.5,37.4,-0.3,4.3,8.9,5.5,9.55,0,0.3,-0.46,1.04,1.73
242,70.6,10.4,3.91,2.4,45.8,5.8,11.0,16.2,8.3,10.06,0,0.08,-0.9,1.2,1.57
243,71.7,10.3,0.0,3.0,64.1,10.7,15.8,21.0,12.6,11.01,4,-1.57,-1.56,0.46,1.24
244,53.6,13.3,0.0,4.7,14.8,14.5,21.1,27.8,13.2,4.51,0,-1.33,-1.01,-0.39,1.3
245,59.1,10.9,0.0,4.9,124.4,20.8,26.2,31.7,21.4,10.83,1,-1.49,-1.18,-0.75,0.68
246,61.3,8.4,0.0,4.3,133.2,24.0,28.2,32.4,29.8,11.75,0,-0.34,-1.12,-1.25,0.69
247,68.5,7.6,0.0,3.5,119.0,23.1,26.9,30.7,28.7,11.91,1,-0.72,-1.21,-1.23,-0.35
248,63.0,8.7,0.0,3.0,58.6,17.0,21.3,25.7,19.2,10.47,0,0.21,-0.83,-1.05,0.26
249,73.5,8.0,0.0,1.8,95.7,10.0,14.0,18.0,11.9,13.61,0,0.78,0.06,-0.72,0.56
250,57.8,7.8,6.92,1.4,59.9,4.2,8.1,12.0,7.8,11.79,1,1.29,-0.1,-0.67,0.38
251,39.8,11.3,22.73,1.4,6.6,-1.9,3.8,9.5,4.4,5.63,1,0.16,0.24,-0.72,0.29
252,47.5,9.9,23.21,1.3,12.2,-2.2,2.8,7.8,4.8,5.99,0,-0.79,0.43,-0.79,0.39
253,76.2,7.7,15.95,1.2,16.5,0.1,3.9,7.8,6.2,6.49,0,0.19,1.24,-0.68,0.28
254,72.3,10.0,7.61,1.9,48.4,4.0,9.0,14.0,8.7,10.35,1,-0.22,-0.07,-0.84,0.3
255,63.9,11.0,0.02,3.1,47.5,9.7,15.2,20.7,11.5,9.62,1,-0.57,-0.82,-0.39,0.05
256,55.2,11.9,0.0,4.4,75.6,16.3,22.2,28.2,17.1,10.38,2,-1.51,-1.23,-0.86,-0.83
257,67.7,10.7,0.0,4.3,42.4,19.4,24.7,30.1,20.5,6.7,0,1.05,0.82,0.79,0.04
258,76.9,7.6,0.0,3.6,346.9,22.9,26.7,30.5,27.4,18.41,0,1.89,1.66,1.63,0.39
259,74.0,6.5,0.0,3.2,285.2,22.4,25.6,28.9,27.7,17.83,0,2.32,1.53,1.79,0.51
260,72.5,7.6,0.0,2.6,79.8,16.7,20.5,24.3,19.1,12.14,1,1.4,1.48,1.37,0.27
261,52.8,9.4,0.0,2.3,30.9,13.2,17.9,22.6,15.4,8.17,0,0.08,1.7,1.33,0.5
262,64.6,7.2,2.24,1.4,53.3,6.8,10.4,14.0,9.2,11.04,2,-0.47,2.05,1.31,0.54
263,40.7,10.2,20.77,1.4,1.1,-1.1,4.0,9.1,4.7,1.55,1,-0.24,1.26,1.29,0.47
264,40.0,9.9,24.15,1.3,11.2,-3.0,2.0,7.0,4.4,5.66,3,-2.13,-0.81,1.12,0.27
265,44.9,11.0,19.44,1.9,5.2,-1.4,4.1,9.6,4.1,3.91,0,-1.54,-1.29,1.01,0.26
266,57.6,11.0,9.28,2.4,39.6,3.3,8.8,14.3,7.1,9.47,0,-1.22,-1.16,1.09,0.21
267,66.8,10.2,0.0,3.0,49.4,10.8,15.9,21.0,12.7,9.86,0,-0.27,-1.09,1.31,0.7
268,65.3,10.8,0.0,3.7,92.0,16.0,21.4,26.8,19.3,11.34,0,0.45,-0.19,1.82,0.84
269,76.3,9.1,0.0,3.9,126.9,20.1,24.6,29.2,21.5,11.1,0,0.79,0.11,1.0,1.09
270,75.4,7.4,0.0,3.6,182.7,22.6,26.3,30.0,26.8,13.6,0,0.42,0.17,-0.27,1.06
271,48.1,9.1,0.0,4.2,126.0,22.0,26.5,31.1,26.7,12.3,0,0.68,0.71,0.16,1.47
272,62.8,8.4,0.0,2.9,160.5,18.7,22.9,27.1,22.5,16.55,0,2.02,1.77,1.37,1.89
273,71.0,7.3,0.0,1.8,228.0,12.7,16.3,20.0,15.3,20.34,1,2.24,1.61,1.11,1.76
274,34.0,11.4,5.46,1.7,14.5,4.9,10.6,16.3,8.9,6.01,2,2.31,1.5,1.13,1.75
275,41.0,10.8,19.75,1.4,3.4,-0.7,4.7,10.1,4.9,3.47,1,-1.43,1.62,1.14,1.74
276,50.5,10.1,25.68,1.3,14.4,-4.4,0.7,5.8,3.4,6.41,2,-1.58,1.98,1.2,1.65
277,69.8,8.6,21.93,1.5,4.5,-2.4,1.9,6.2,3.9,3.58,2,-1.71,1.43,1.11,1.49
278,65.8,10.9,8.31,2.4,19.2,3.7,9.1,14.6,6.8,6.85,1,-1.58,-2.04,1.09,1.45
279,58.8,10.9,0.02,3.0,36.0,9.7,15.1,20.6,12.6,8.61,0,-0.8,-1.29,1.12,1.56
280,68.9,9.9,0.0,3.4,84.0,15.0,19.9,24.9,17.3,10.91,0,0.53,-0.2,1.26,1.9
281,71.2,9.5,0.0,4.1,150.9,20.9,25.6,30.4,23.4,12.04,0,1.26,0.41,1.45,1.49
282,73.0,7.3,0.0,3.7,223.1,23.1,26.7,30.4,27.7,15.32,0,0.9,0.41,1.42,0.88
283,52.9,8.4,0.0,4.1,133.3,22.7,26.9,31.1,28.2,12.36,0,1.39,1.35,1.68,1.38
284,71.2,8.1,0.0,2.6,205.5,16.8,20.8,24.9,20.2,18.39,0,1.01,1.38,0.54,1.38
285,61.7,9.8,0.0,2.2,33.2,11.3,16.2,21.1,13.2,8.43,0,1.56,1.44,0.81,1.41
286,65.4,8.0,1.97,1.5,57.9,7.0,11.0,15.0,9.6,11.48,0,0.64,1.45,1.08,1.6
287,66.6,7.1,22.01,0.9,34.3,-1.6,2.0,5.6,5.1,12.4,0,1.38,1.32,1.09,1.61
288,61.4,8.1,23.21,1.1,12.6,-2.2,1.9,6.0,4.8,6.21,0,0.98,1.75,1.2,1.7
289,73.1,8.1,17.14,1.3,20.5,-0.4,3.7,7.8,5.9,7.27,0,0.05,0.52,1.38,1.73
290,83.2,8.4,11.29,1.7,30.6,2.5,6.7,10.9,7.1,8.47,0,-0.29,0.64,1.51,1.72
291,48.0,11.7,0.0,3.6,70.0,10.6,16.4,22.3,12.2,11.62,0,0.7,0.96,1.75,1.84
292,75.4,8.7,0.0,3.2,125.2,16.6,20.9,25.3,19.2,13.02,0,0.29,0.29,1.42,1.66
293,69.0,10.1,0.0,4.3,75.8,20.4,25.4,30.5,22.2,8.39,1,-0.09,-0.25,0.82,1.4
294,62.5,8.8,0.0,4.3,131.9,23.4,27.8,32.2,28.7,11.95,2,-1.26,-0.77,0.35,1.25
295,58.8,8.2,0.0,4.0,66.7,23.4,27.5,31.6,28.9,9.1,0,-0.99,-0.69,-0.46,0.99
296,75.0,8.1,0.0,2.6,83.4,17.2,21.2,25.3,19.6,12.35,0,0.1,-0.04,0.14,0.5
297,67.1,8.1,0.0,2.0,121.3,12.0,16.0,20.1,14.1,15.25,1,0.85,-0.6,-0.15,0.51
298,43.3,10.2,5.46,1.7,19.1,4.9,10.0,15.1,8.3,6.94,0,1.05,-0.46,-0.32,0.61
299,53.3,8.7,23.09,1.1,13.5,-2.1,2.3,6.7,4.8,7.73,1,-0.81,-0.2,-0.35,0.59
300,44.5,10.2,22.73,1.3,14.0,-1.9,3.2,8.3,4.8,6.04,3,-1.29,0.34,-0.54,0.54
301,52.3,11.6,20.74,1.9,6.1,-2.0,3.8,9.6,4.0,3.87,1,-1.57,-0.06,-0.63,0.62
302,61.1,11.4,8.08,2.4,34.8,3.8,9.5,15.2,7.5,8.87,2,-1.66,-1.81,-0.83,0.59
303,70.9,10.2,0.0,3.0,26.1,10.5,15.6,20.7,11.8,7.29,2,-1.57,-1.82,-1.51,0.34
304,46.4,12.6,0.0,4.6,60.7,15.6,21.9,28.2,17.1,9.32,0,-1.56,-1.99,-1.58,-0.01
305,69.8,10.1,0.0,4.3,78.3,20.9,25.9,31.0,22.5,8.83,0,-1.08,-1.61,-1.45,-0.42
306,69.6,8.3,0.0,4.0,140.1,22.8,26.9,31.1,27.2,12.27,2,-1.18,-1.71,-1.38,-0.8
307,46.2,10.4,0.0,4.4,67.3,21.2,26.4,31.6,25.5,8.98,0,-0.82,-1.38,-1.26,-1.27
308,55.7,11.2,0.0,3.3,118.1,16.3,21.9,27.5,18.3,14.44,0,-0.75,-1.18,-1.62,-1.19
309,53.7,11.0,0.01,2.4,54.5,9.8,15.3,20.8,11.5,10.67,1,0.07,-0.96,-1.57,-1.35
310,63.7,8.6,5.86,1.5,17.7,4.7,9.0,13.3,7.6,6.48,0,-0.22,-0.82,-1.55,-1.42
311,54.7,8.5,18.19,1.2,25.3,-0.1,4.2,8.5,5.3,10.74,0,-0.03,-0.72,-1.49,-1.38
312,51.6,9.5,20.77,1.2,23.6,-1.1,3.7,8.5,5.6,7.96,0,0.84,0.32,-1.31,-1.35
313,64.3,9.3,14.02,1.5,31.7,0.9,5.5,10.2,6.3,8.83,0,1.21,0.52,-1.1,-1.25
314,74.8,9.6,10.02,1.9,66.6,3.0,7.8,12.6,7.7,12.06,1,0.34,0.28,-1.03,-1.28
315,55.2,11.6,0.08,3.1,49.1,9.4,15.2,21.0,12.8,9.81,0,1.03,1.17,-0.36,-1.29
316,66.2,10.5,0.0,3.6,136.3,15.7,20.9,26.2,18.5,13.45,0,1.06,1.28,0.11,-1.01
317,68.5,9.7,0.0,4.0,135.3,19.1,23.9,28.8,21.0,11.41,0,0.85,0.84,0.19,-0.86
318,71.1,7.7,0.0,3.8,142.3,23.0,26.8,30.7,28.0,12.52,0,0.48,0.82,0.84,-0.43
319,59.8,8.1,0.0,3.9,164.8,23.0,27.0,31.1,28.5,13.45,1,-0.35,0.24,0.4,-0.7
320,49.5,10.5,0.0,3.5,57.8,17.5,22.7,28.0,19.7,10.3,0,0.31,0.71,0.7,-0.81
321,57.7,9.9,0.0,2.3,101.3,12.7,17.6,22.6,14.8,14.02,0,-0.0,0.31,0.75,-0.76
322,53.9,9.3,4.87,1.5,29.0,5.2,9.8,14.5,8.8,8.41,2,0.39,-0.16,0.57,-0.85
323,26.5,12.0,20.77,1.4,0.0,-1.1,4.9,10.9,5.3,0.02,2,-1.21,-0.14,0.43,-0.89
324,59.4,9.4,22.97,1.3,6.2,-2.0,2.7,7.4,4.3,3.76,0,-1.43,-0.6,0.37,-0.77
325,68.3,9.2,20.59,1.6,23.6,-1.6,3.0,7.6,4.2,7.71,0,0.43,0.51,0.41,-0.55
326,75.6,9.0,11.04,1.9,67.5,2.6,7.1,11.6,6.9,12.02,4,-0.89,-1.39,0.13,-0.67
327,55.6,12.0,0.0,3.6,15.0,10.1,16.1,22.1,10.9,5.66,0,0.17,-0.42,0.05,-0.22
328,69.3,9.8,0.0,3.5,122.9,16.1,21.0,25.9,18.4,12.95,4,-1.74,-1.34,-0.98,-0.59
329,55.5,11.1,0.0,5.0,19.2,20.8,26.3,31.9,21.6,4.58,1,-1.18,-1.33,-1.18,-0.67
330,57.9,9.5,0.0,4.6,134.2,23.8,28.5,33.3,28.8,11.42,0,-1.18,-0.96,-1.13,-0.23
331,61.7,8.2,0.0,3.6,147.5,21.8,25.9,30.0,27.7,12.84,0,-0.04,-0.93,-0.68,-0.22
332,61.0,9.4,0.0,2.9,114.4,16.8,21.5,26.2,20.4,14.18,0,0.5,-0.45,-0.93,-0.2
333,64.7,8.7,0.0,2.2,50.4,12.3,16.6,21.0,13.7,10.11,3,-0.33,-1.14,-1.18,-0.39
334,27.9,14.1,8.04,2.2,1.5,3.7,10.7,17.8,6.3,1.43,1,-1.34,-0.59,-1.15,-0.49
335,49.7,9.2,16.59,1.4,7.9,0.5,5.1,9.7,5.0,6.3,0,-0.52,0.29,-0.8,-0.3
336,64.2,6.9,22.01,0.9,59.0,-1.6,1.9,5.4,5.6,12.22,0,2.36,0.84,-0.45,-0.06
337,71.8,8.1,17.61,1.4,77.7,-0.6,3.5,7.6,5.1,13.25,0,2.23,0.5,-0.67,-0.22
338,57.3,10.3,8.08,2.3,42.8,3.8,8.9,14.1,7.3,9.85,0,1.12,0.65,-0.2,-0.08
339,73.8,9.6,0.0,2.9,68.0,10.9,15.7,20.5,12.4,10.97,0,-0.21,1.04,-0.62,-0.4
340,67.8,10.6,0.0,3.6,65.1,14.9,20.2,25.5,16.8,9.67,0,1.27,1.8,0.83,-0.08
341,68.9,9.4,0.0,4.1,204.8,20.3,25.0,29.7,22.8,13.75,0,1.25,1.48,1.32,0.18
342,76.5,7.3,0.0,3.6,189.9,23.0,26.6,30.3,28.0,14.05,0,1.57,1.39,1.55,0.41
343,69.5,7.0,0.0,3.4,207.0,22.4,25.9,29.4,27.0,15.45,0,0.84,1.25,1.32,0.53
344,70.7,8.6,0.0,2.8,66.3,17.4,21.7,26.0,19.8,11.05,1,0.48,1.09,1.18,0.21
345,49.6,11.0,0.0,2.5,37.5,11.5,17.0,22.5,13.3,8.44,0,-0.27,1.25,1.53,0.3
346,57.5,8.8,5.66,1.5,51.3,4.8,9.2,13.6,8.2,11.0,0,0.14,0.8,1.67,0.47
347,70.5,7.4,13.39,1.0,23.5,1.7,5.4,9.1,7.0,10.26,0,1.56,0.96,1.55,0.64
348,71.8,6.3,21.52,0.9,35.0,-1.4,1.8,5.0,5.3,9.7,0,2.36,0.88,1.52,0.88
349,78.3,6.5,14.99,1.1,64.8,0.5,3.7,7.0,6.5,12.25,0,2.19,1.74,1.64,0.84
350,55.6,10.1,5.43,2.2,65.0,5.0,10.0,15.1,8.9,11.86,0,1.98,2.29,1.8,1.25
351,65.8,10.0,0.04,2.8,93.3,9.6,14.6,19.6,12.2,13.0,0,0.87,1.75,1.91,1.08
352,58.4,10.2,0.0,3.8,88.1,15.1,20.2,25.3,17.3,11.17,0,1.06,1.66,1.68,1.6
353,64.5,10.0,0.0,4.3,145.3,20.6,25.6,30.6,23.9,11.73,0,0.22,1.02,1.37,1.62
354,59.7,8.2,0.0,4.3,146.2,23.9,28.0,32.1,30.3,12.52,1,-0.3,0.09,0.5,1.44
355,42.6,8.9,0.0,4.4,98.4,22.6,27.0,31.5,28.3,10.64,2,-1.24,-0.48,0.2,1.13
356,59.3,10.2,0.0,3.3,39.7,17.8,22.9,28.0,20.4,8.67,1,-1.52,-0.89,0.17,1.01
357,55.1,10.4,0.0,2.3,25.4,11.5,16.7,21.9,13.5,6.92,0,-0.6,-0.61,0.31,1.4
358,47.1,9.7,2.1,1.6,80.2,6.9,11.7,16.6,10.4,13.43,1,-0.01,-1.12,0.14,1.41
359,42.9,10.4,20.01,1.3,5.3,-0.8,4.4,9.6,5.2,4.97,0,0.93,-1.13,-0.01,1.2
360,57.0,8.3,21.52,1.1,16.8,-1.4,2.8,7.0,5.4,7.06,0,0.13,-0.58,-0.25,1.02
361,66.0,8.6,14.26,1.4,34.5,0.8,5.1,9.4,6.3,9.25,0,1.67,1.11,-0.03,1.25
362,69.7,8.8,10.27,1.7,81.5,2.9,7.3,11.7,8.1,13.14,0,1.03,1.33,-0.33,1.18
363,63.3,10.6,0.27,2.8,46.6,8.9,14.2,19.5,12.2,9.72,0,1.65,1.5,0.2,1.5
364,74.0,9.3,0.0,3.3,152.3,14.7,19.3,24.0,16.1,13.94,0,1.97,2.04,0.68,1.52
365,68.8,8.7,0.0,4.0,203.8,21.0,25.3,29.7,24.0,13.76,1,1.21,1.41,0.43,1.14
366,65.3,8.3,0.0,4.2,104.3,23.8,27.9,32.1,29.2,10.67,0,0.62,1.26,0.87,0.94
367,55.0,7.9,0.0,3.9,164.9,21.9,25.8,29.8,26.7,14.03,0,-0.57,0.74,1.05,0.92
368,49.9,9.7,0.0,3.3,76.9,17.2,22.0,26.9,20.2,11.79,3,-0.6,0.46,0.85,0.76
369,46.9,12.5,0.0,2.6,3.1,10.1,16.3,22.6,11.4,2.64,1,-1.59,-0.29,0.43,0.55
370,43.2,12.2,8.51,1.9,19.0,3.5,9.6,15.7,7.0,6.93,0,-1.42,-1.08,0.6,0.57
371,59.2,8.9,20.27,1.1,27.0,-0.9,3.6,8.1,5.6,11.22,1,-0.63,-0.78,0.53,0.39
372,35.8,10.6,23.8,1.2,9.8,-2.7,2.6,7.9,5.1,5.12,3,-0.86,-1.74,0.26,0.01
373,51.7,12.2,18.0,1.9,5.7,-0.5,5.6,11.7,5.1,3.42,0,0.57,-1.02,0.33,0.2
374,76.6,8.2,10.27,1.6,84.0,2.9,7.0,11.1,8.0,13.43,2,-0.42,-0.69,0.17,-0.15
375,49.7,11.8,0.0,3.6,40.0,10.8,16.7,22.6,12.4,8.86,0,0.12,-0.24,-0.44,-0.17
376,63.1,10.7,0.0,3.8,78.7,15.6,20.9,26.3,17.3,10.02,0,-0.55,-0.19,-1.16,-0.33
377,67.4,10.0,0.0,4.3,112.6,19.5,24.5,29.5,20.2,10.36,2,-0.84,-0.89,-1.23,-0.54
378,53.8,9.7,0.0,4.7,106.7,22.8,27.6,32.5,26.7,11.03,1,-1.05,-0.88,-1.56,-0.56
379,54.3,9.2,0.0,4.0,89.5,21.6,26.2,30.8,26.9,9.76,0,-1.09,-1.14,-1.35,-0.28
380,66.3,8.1,0.0,2.8,91.3,17.1,21.1,25.2,19.7,12.55,1,-0.7,-0.99,-1.11,-0.23
381,44.5,12.0,0.39,2.4,37.5,8.7,14.7,20.7,11.3,8.79,2,-0.59,-1.16,-1.13,-0.59
382,30.5,12.9,9.46,1.9,14.6,3.1,9.5,16.0,6.7,6.19,0,-1.04,-1.36,-1.21,-0.52
383,51.6,9.1,17.13,1.2,15.8,0.3,4.8,9.4,5.9,8.87,0,-0.06,-0.68,-1.02,-0.41
384,48.3,8.1,24.71,1.0,41.2,-3.5,0.6,4.7,4.5,10.53,0,1.76,0.22,-0.68,-0.32
385,57.4,9.8,13.3,1.6,57.0,1.2,6.1,11.0,6.6,11.6,0,1.81,0.32,-0.93,-0.48
386,61.4,9.6,6.93,2.2,60.1,4.3,9.1,13.9,8.0,11.4,0,0.66,0.52,-0.77,-0.46
387,62.2,11.7,0.0,3.2,60.5,9.9,15.7,21.6,12.1,10.3,0,0.14,0.9,-0.72,-0.8
388,70.9,9.7,0.0,3.3,74.1,14.1,18.9,23.8,16.3,10.34,0,-0.07,0.8,-0.83,-1.3
389,61.7,10.7,0.0,4.6,111.6,20.6,25.9,31.3,22.8,10.32,2,-0.77,-0.38,-0.77,-1.28
390,68.3,8.0,0.0,3.8,85.1,21.9,25.9,29.9,26.6,9.82,0,-0.24,-0.22,-0.11,-1.24
391,74.6,6.9,0.0,3.1,155.1,21.4,24.8,28.3,26.2,13.54,1,-0.59,-0.55,-0.39,-1.29
392,53.8,10.0,0.0,3.2,64.1,17.0,22.0,27.0,20.5,10.47,2,-0.33,-0.73,-0.5,-1.2
393,53.3,11.2,0.0,2.5,20.0,10.6,16.2,21.8,12.0,6.5,0,-0.27,-0.41,-0.02,-0.9
394,62.8,9.0,7.82,1.3,77.2,3.8,8.3,12.8,8.3,13.22,2,-0.24,-0.62,-0.14,-1.04
395,39.0,10.8,22.25,1.4,2.3,-1.7,3.7,9.1,4.6,2.66,2,0.49,-0.15,-0.41,-1.05
396,44.2,10.6,23.09,1.4,10.3,-2.1,3.2,8.5,4.6,5.61,0,-1.37,-0.82,-0.61,-0.95
397,57.6,9.9,18.53,1.5,18.9,-1.0,4.0,9.0,5.3,7.05,1,-1.16,-0.94,-0.82,-1.26
398,55.9,11.0,9.77,2.3,28.0,3.1,8.6,14.1,7.2,8.17,0,0.06,0.35,-0.58,-0.95
399,66.8,10.3,0.0,2.9,93.5,11.2,16.3,21.5,13.9,13.26,4,-1.13,-1.48,-1.17,-1.28
400,47.5,12.7,0.0,4.9,34.8,16.8,23.1,29.5,16.6,6.55,0,0.07,-0.37,-0.85,-1.1
401,73.0,9.2,0.0,4.1,151.5,21.1,25.7,30.3,22.6,12.0,2,-1.11,-0.9,-0.81,-1.02
402,52.3,9.2,0.0,4.7,114.9,24.1,28.7,33.3,29.9,10.86,0,0.34,-0.32,-0.7,-0.6
403,52.4,8.3,0.0,4.2,197.5,23.5,27.6,31.8,28.6,14.85,1,-0.63,-0.51,-0.8,-0.88
404,54.1,9.8,0.0,3.2,47.8,16.7,21.6,26.5,19.0,9.37,0,0.01,-0.73,-0.56,-0.79
405,56.3,10.7,0.0,2.3,50.9,10.2,15.5,20.9,12.3,10.22,0,-0.34,0.03,-0.71,-0.57
406,64.8,8.3,1.72,1.5,57.7,7.2,11.3,15.5,10.0,11.65,0,0.95,-0.18,-0.43,-0.42
407,67.1,6.6,13.12,0.9,36.3,1.8,5.1,8.4,7.1,12.78,2,1.15,0.4,-0.43,-0.62
408,46.1,9.5,23.56,1.2,4.7,-2.5,2.3,7.1,4.7,3.22,3,-0.3,-0.5,-0.55,-0.85
409,48.6,10.8,16.43,1.8,7.3,-0.1,5.3,10.7,5.5,4.16,2,-2.07,-0.5,-0.62,-1.05
410,56.3,12.1,7.38,2.7,27.1,4.1,10.1,16.2,7.0,8.06,0,-1.33,-0.48,-0.88,-1.03
411,66.2,10.9,0.08,3.0,59.2,9.4,14.8,20.3,11.8,10.67,2,-1.42,-1.38,-0.71,-1.27
412,56.9,11.5,0.0,4.2,43.6,15.7,21.4,27.2,17.0,7.79,0,-1.24,-1.93,-1.31,-1.41
413,58.9,9.9,0.0,4.6,83.1,20.7,25.6,30.6,22.6,9.15,0,-0.55,-1.08,-0.59,-0.91
414,65.4,8.3,0.0,4.2,202.4,23.9,28.0,32.2,29.4,14.71,0,0.13,-0.66,-0.83,-1.09
415,62.4,7.5,0.0,3.7,138.1,23.2,26.9,30.7,28.9,12.87,3,-0.42,-0.96,-1.02,-1.31
416,56.2,9.9,0.0,3.3,16.1,17.6,22.5,27.5,19.9,5.82,0,0.13,-0.3,-0.48,-0.78
417,65.7,8.8,0.0,2.0,132.0,12.4,16.8,21.2,15.0,15.94,3,-0.53,-0.23,-0.87,-1.17
418,43.6,11.8,6.92,1.9,1.8,4.2,10.1,16.0,7.0,1.51,1,0.59,-0.14,-1.11,-1.14
419,48.1,9.9,19.75,1.3,6.8,-0.7,4.3,9.3,4.9,5.66,0,-1.71,-0.53,-1.07,-1.11
420,60.5,9.4,23.56,1.2,12.1,-2.5,2.2,6.9,4.4,5.82,2,-1.37,-1.06,-1.04,-1.16
421,62.7,11.3,21.49,1.8,12.4,-2.0,3.7,9.4,4.2,5.69,0,-0.81,-0.05,-0.87,-1.09
422,71.7,8.8,9.03,2.0,38.4,3.4,7.8,12.2,7.0,9.28,2,-1.16,-1.86,-1.09,-1.35
423,72.8,10.5,0.04,3.0,31.8,9.6,14.8,20.1,10.9,8.1,0,-0.74,-1.17,-0.85,-1.06
424,80.8,10.7,0.0,3.4,60.7,15.4,20.7,26.1,16.6,9.33,0,0.34,0.01,-0.2,-1.02
425,70.4,9.4,0.0,4.1,164.4,20.9,25.6,30.3,23.3,12.16,0,1.46,0.87,0.35,-0.17
426,79.8,6.9,0.0,3.4,252.2,23.4,26.8,30.3,29.6,16.3,0,1.56,1.2,0.6,-0.19
427,67.7,7.5,0.0,3.5,180.5,22.6,26.3,30.1,28.0,14.35,0,1.48,1.34,1.25,0.19
428,76.4,8.5,0.0,2.6,116.1,18.2,22.4,26.7,21.9,14.39,0,1.27,1.66,0.97,0.38
429,55.1,10.2,0.0,2.2,89.5,11.6,16.7,21.8,14.3,13.24,0,1.84,2.07,1.67,0.69
430,56.3,7.0,4.49,1.4,125.7,5.4,8.9,12.4,8.4,16.46,2,1.9,1.91,1.63,0.48
431,36.9,11.2,18.71,1.4,0.7,-0.3,5.3,10.9,5.5,1.81,0,1.87,1.69,1.64,0.51
432,51.3,9.1,23.56,1.2,15.8,-2.5,2.1,6.7,4.6,6.91,0,-0.66,1.67,1.75,0.64
433,68.8,9.5,14.99,1.6,31.3,0.5,5.2,10.0,5.6,8.83,0,0.61,2.1,1.81,0.87
434,65.3,9.2,3.39,2.1,59.7,6.1,10.7,15.3,9.5,11.41,2,-0.34,0.96,1.85,0.76
435,67.4,10.4,0.0,3.0,30.7,10.4,15.6,20.8,12.7,8.04,1,-0.72,-0.9,1.82,0.87
436,66.3,11.7,0.0,4.2,68.7,16.7,22.5,28.4,16.9,9.97,0,-1.28,-0.82,1.44,0.88
437,65.8,11.3,0.0,4.8,89.6,20.7,26.3,32.0,19.9,9.03,0,-0.71,-0.76,0.81,0.71
438,63.7,8.3,0.0,4.2,162.8,23.2,27.3,31.5,27.9,13.08,4,-1.38,-1.48,-0.38,0.14
439,48.9,9.7,0.0,4.5,36.0,23.0,27.8,32.7,27.3,6.46,0,-1.31,-1.59,-0.76,0.4
440,65.9,10.9,0.0,3.1,71.0,15.5,20.9,26.4,17.4,11.55,2,-1.9,-1.68,-1.17,-0.18
441,43.2,13.2,0.0,2.7,26.5,10.9,17.5,24.1,12.9,7.29,0,-0.36,-1.3,-1.46,0.16
442,56.5,9.4,5.86,1.4,63.7,4.7,9.4,14.1,8.9,12.19,0,-0.21,-1.25,-1.39,0.22
443,62.9,7.3,15.52,1.1,10.9,0.9,4.5,8.2,6.1,7.39,0,1.34,-1.35,-1.29,0.3
444,56.8,8.1,23.56,1.1,31.8,-2.5,1.6,5.7,4.7,9.39,0,0.51,-0.21,-1.32,0.39
445,72.4,9.8,12.57,1.6,24.7,1.5,6.4,11.3,6.3,7.93,0,1.58,0.85,-1.2,0.62
446,72.8,9.2,6.49,2.0,86.1,4.5,9.1,13.7,8.4,13.54,0,1.65,1.97,-0.8,0.95
447,66.3,9.8,0.0,3.1,110.0,13.2,18.1,23.0,15.5,14.15,0,2.66,2.54,0.39,1.53
448,85.4,9.3,0.0,3.0,212.1,15.7,20.3,25.0,17.8,16.65,0,2.0,2.04,0.56,1.28
449,64.6,9.6,0.0,4.5,100.1,20.9,25.7,30.5,22.1,9.62,0,1.5,1.89,0.78,0.97
450,72.6,7.4,0.0,3.9,186.8,24.6,28.3,32.0,30.1,14.23,0,1.24,2.27,2.01,1.34
451,65.1,7.1,0.0,3.6,279.1,23.5,27.0,30.6,29.0,17.7,3,0.81,1.67,1.81,0.9
452,62.5,10.3,0.0,3.3,23.2,18.4,23.5,28.7,20.9,6.27,2,0.39,1.24,1.77,0.56
453,57.9,11.2,0.0,2.5,20.7,12.7,18.3,23.9,14.1,6.46,3,-2.33,0.03,1.4,-0.1
454,34.7,11.7,2.51,1.9,0.7,6.6,12.4,18.3,9.4,1.29,0,-1.72,0.03,1.38,-0.02
455,49.2,10.7,16.59,1.4,14.9,0.5,5.8,11.2,5.9,8.52,4,-2.06,-0.44,1.15,-0.15
456,44.3,10.3,19.75,1.5,1.2,-0.7,4.5,9.7,4.9,1.57,4,-2.47,-2.82,0.94,-0.34
457,61.4,12.2,13.3,2.1,2.5,1.2,7.3,13.4,5.3,2.37,0,-1.56,-2.1,0.78,-0.36
458,71.5,8.1,5.23,2.0,51.6,5.1,9.1,13.2,8.2,10.67,0,-0.04,-1.31,0.75,-0.05
459,69.4,10.1,0.0,3.0,93.6,11.5,16.5,21.6,13.2,13.3,0,1.17,0.11,0.03,0.28
460,78.5,10.1,0.0,3.6,118.0,16.2,21.2,26.3,16.7,12.61,1,0.34,-0.31,-0.22,0.21
461,73.3,9.3,0.0,4.1,51.2,20.5,25.1,29.8,22.1,7.28,2,-0.82,-0.72,-0.87,-0.05
462,67.7,9.3,0.0,3.9,94.5,21.9,26.5,31.2,28.0,9.51,2,-1.7,-0.87,-2.05,0.11
463,55.6,9.3,0.0,4.0,61.8,21.5,26.1,30.8,26.4,8.46,0,-1.39,-0.99,-1.66,0.11
464,77.8,9.7,0.0,2.8,69.6,19.0,23.8,28.7,22.6,11.12,0,-0.13,-0.63,-1.04,0.66
465,75.3,7.4,0.0,1.9,122.4,12.8,16.5,20.2,14.5,15.3,0,0.82,-0.96,-0.84,0.47
466,42.0,9.9,4.49,1.5,25.4,5.4,10.3,15.3,9.3,7.94,3,0.85,-0.94,-0.96,0.37
467,43.8,12.4,20.27,1.6,0.6,-0.9,5.3,11.5,4.8,1.07,0,-0.24,-0.21,-0.66,0.4
468,73.4,6.2,22.97,0.9,36.7,-2.0,1.1,4.2,4.8,10.07,1,-0.33,0.62,-0.49,0.36
469,82.4,10.5,19.67,1.5,13.2,-1.2,4.1,9.4,5.3,5.93,4,-1.28,-0.08,-0.92,-0.12
470,63.6,12.1,3.91,2.8,3.5,5.8,11.8,17.9,7.7,2.41,4,-2.35,-2.22,-1.54,-0.61
471,68.2,12.6,0.0,3.5,12.0,10.7,17.0,23.3,11.4,5.08,1,-2.14,-2.03,-1.91,-1.36
472,77.3,11.5,0.0,4.0,69.4,17.0,22.7,28.5,16.5,10.01,0,0.63,0.09,-0.88,-0.74
473,71.2,9.1,0.0,4.4,239.4,21.7,26.2,30.8,22.1,14.52,0,2.1,1.1,0.73,-0.08
474,70.8,7.4,0.0,4.1,329.1,24.9,28.6,32.3,29.1,18.2,0,1.98,1.17,1.27,-0.67
475,69.3,7.7,0.0,3.5,156.0,22.7,26.5,30.4,28.0,13.26,0,1.88,1.81,1.71,0.01
476,78.4,8.6,0.0,2.7,158.8,17.8,22.1,26.4,20.0,16.45,0,1.83,2.36,1.77,0.66
477,78.2,6.9,0.0,1.7,138.0,12.7,16.1,19.6,15.1,16.19,0,1.95,2.45,1.85,0.89
478,59.2,8.4,7.14,1.3,36.3,4.1,8.3,12.5,8.3,9.43,0,1.88,2.21,1.97,0.94
479,73.7,7.7,12.86,1.1,12.6,1.9,5.7,9.6,6.6,7.94,0,1.4,2.03,2.02,1.2
0,66.7,6.9,20.27,1.0,54.1,-0.9,2.6,6.1,5.4,12.02,0,1.4,2.03,2.02,1.2
1,80.9,9.1,14.51,1.4,34.4,0.7,5.2,9.8,6.4,9.28,0,1.68,2.31,2.11,1.39
2,48.7,11.2,3.56,2.9,10.5,6.0,11.6,17.2,7.3,5.06,4,0.03,1.79,2.09,1.13
3,60.1,11.0,0.0,3.2,32.4,10.1,15.6,21.1,12.2,7.84,2,-1.59,-0.58,2.23,0.86
4,72.3,12.1,0.0,4.2,24.8,16.8,22.8,28.9,16.3,5.95,3,-2.34,-1.49,2.09,0.4
5,64.6,9.8,0.0,4.6,95.3,21.3,26.2,31.1,21.9,9.54,0,-1.76,-1.53,1.5,0.54
6,57.4,9.7,0.0,4.8,145.2,24.4,29.2,34.1,28.2,11.94,1,-1.47,-1.82,0.29,0.63
7,62.3,8.7,0.0,3.8,41.4,21.9,26.2,30.6,26.7,7.04,3,-1.36,-2.17,-0.56,0.56
8,68.8,10.1,0.0,3.2,6.2,18.0,23.0,28.1,19.2,3.54,3,-1.88,-2.16,-1.48,0.2
9,59.1,9.2,0.0,2.3,69.8,12.9,17.5,22.1,14.6,11.58,0,-1.77,-2.0,-1.84,-0.1
10,33.7,11.4,5.46,1.8,6.6,4.9,10.6,16.3,8.3,4.03,2,-1.61,-1.79,-1.99,-0.25
11,60.2,6.4,18.45,1.0,49.2,-0.2,3.0,6.2,5.2,14.63,0,0.35,-1.59,-1.86,0.08
12,43.2,11.4,19.5,1.4,8.0,-0.6,5.1,10.8,5.7,4.88,2,-0.39,-1.77,-2.08,-0.15
13,70.4,10.1,9.05,1.8,23.9,3.0,8.0,13.1,6.8,7.03,1,0.56,-1.29,-2.16,-0.13
14,60.2,10.4,1.54,2.6,46.7,7.4,12.6,17.8,9.3,10.35,0,-1.06,-0.41,-2.1,0.11
15,69.0,9.1,0.0,3.1,78.7,11.8,16.3,20.9,12.6,12.23,0,-0.26,-0.43,-2.01,0.49
16,88.5,8.9,0.0,3.0,153.9,15.2,19.6,24.1,16.7,14.49,0,1.33,1.34,-1.11,0.97
17,67.2,9.7,0.0,4.7,211.1,22.6,27.4,32.3,23.2,14.02,0,2.11,1.57,-0.37,0.84
18,70.7,8.0,0.0,4.1,118.4,24.1,28.1,32.1,28.0,11.4,1,1.31,1.07,-0.4,-0.08
19,64.4,8.2,0.0,3.7,99.2,22.3,26.4,30.5,26.6,10.44,0,0.17,0.73,0.02,-0.41
20,67.0,10.4,0.0,3.1,47.7,17.2,22.4,27.6,18.9,9.57,1,-1.13,0.44,0.26,-0.98
21,58.6,11.5,0.0,2.5,37.5,11.3,17.0,22.8,12.8,8.88,1,-1.1,0.26,0.03,-1.46
22,43.6,10.9,5.66,1.7,16.5,4.8,10.2,15.7,8.4,6.33,1,-1.32,-0.56,0.09,-1.57
23,75.4,6.0,16.86,0.8,42.2,0.4,3.4,6.4,6.2,13.81,0,-0.19,-1.08,0.09,-1.44
24,52.5,10.6,23.56,1.3,10.9,-2.5,2.8,8.1,4.7,5.83,1,0.16,-0.98,0.12,-1.6
25,74.2,8.6,13.3,1.4,44.9,1.2,5.5,9.8,6.4,10.47,0,1.61,-0.52,0.32,-1.56
26,74.2,9.4,5.85,2.1,53.8,4.8,9.5,14.2,8.0,10.96,0,0.77,0.22,0.49,-1.34
27,75.1,9.4,0.0,2.8,94.3,10.9,15.6,20.3,12.6,13.05,0,1.38,1.21,0.68,-1.05
28,72.7,9.2,0.0,3.6,71.5,16.4,21.0,25.6,17.2,10.18,0,0.61,1.17,0.04,-0.76
29,72.6,10.4,0.0,4.4,171.7,21.1,26.3,31.5,21.4,12.73,0,1.2,1.24,-0.17,-0.38
30,78.9,6.4,0.0,3.7,154.3,24.4,27.6,30.8,27.8,12.92,0,0.61,1.04,0.19,-0.15
31,72.6,6.0,0.0,3.4,220.6,23.2,26.2,29.2,27.1,15.65,0,1.22,1.31,0.95,0.68
32,71.0,8.3,0.0,2.9,80.6,18.8,22.9,27.1,21.3,12.04,0,0.73,1.14,1.13,1.03
33,63.4,9.8,0.0,2.3,138.9,11.3,16.2,21.1,12.5,16.25,0,1.61,1.39,1.65,1.29
34,68.4,8.5,3.95,1.4,52.8,5.7,9.9,14.2,8.9,11.05,0,1.26,1.52,1.85,1.53
35,59.8,7.9,17.13,1.2,25.8,0.3,4.2,8.2,5.1,10.99,0,1.96,1.39,1.73,1.43
36,56.2,8.5,21.77,1.2,16.4,-1.5,2.8,7.1,4.8,6.71,0,0.9,1.72,1.76,1.46
37,59.9,11.7,10.56,2.1,20.7,2.5,8.3,14.2,5.8,7.17,2,-0.43,1.08,1.54,1.4
38,69.4,10.5,3.73,2.6,32.7,5.9,11.1,16.4,7.7,8.61,1,-1.41,1.14,1.37,1.35
39,63.9,11.8,0.0,3.7,12.8,12.4,18.3,24.2,12.6,5.05,4,-2.12,-1.49,0.86,1.03
40,64.6,11.5,0.0,4.2,89.3,16.0,21.7,27.5,16.0,11.3,0,-1.6,-1.58,0.87,0.62
41,72.5,10.0,0.0,4.3,117.3,20.6,25.6,30.6,20.8,10.64,0,-0.94,-1.36,0.59,0.27
42,72.1,8.6,0.0,4.2,226.6,23.8,28.1,32.4,26.8,15.29,0,0.67,-0.58,0.96,0.72
43,69.0,7.1,0.0,3.5,197.5,22.4,25.9,29.5,26.6,15.06,0,1.1,0.23,0.72,1.14
44,65.3,9.6,0.0,3.1,73.7,17.6,22.4,27.2,19.4,11.68,0,0.87,0.23,0.61,1.25
45,60.9,10.3,0.0,2.5,12.4,11.5,16.6,21.8,11.7,5.3,2,0.07,0.44,-0.21,1.14
46,56.6,10.7,3.28,1.7,48.2,6.1,11.4,16.8,9.1,10.69,0,-0.82,0.54,-0.31,1.28
47,59.0,7.1,13.65,1.2,29.1,1.6,5.1,8.7,5.8,11.68,0,-0.56,0.59,-0.29,1.19
48,60.8,8.5,24.03,1.2,6.0,-2.9,1.4,5.7,3.9,3.91,1,0.3,0.15,-0.36,1.16
49,77.6,7.3,19.88,1.4,20.2,-1.6,2.1,5.8,4.4,7.3,0,0.08,-0.79,-0.23,1.05
50,65.4,11.2,7.84,2.6,31.5,3.9,9.5,15.1,6.5,8.57,1,-1.15,-1.16,-0.22,0.9
51,61.6,12.3,0.0,3.9,72.2,12.4,18.5,24.7,12.1,11.46,1,-1.01,-0.68,0.15,0.68
52,70.9,9.6,0.0,3.9,69.3,17.0,21.8,26.6,16.5,9.83,1,-1.01,-0.89,0.07,0.64
53,66.7,10.2,0.0,5.0,126.0,22.9,28.0,33.1,20.9,11.03,0,-0.5,-0.87,-0.0,0.37
54,77.6,6.9,0.0,4.0,278.1,24.9,28.3,31.8,27.3,16.91,0,0.97,0.4,0.42,0.85
55,67.4,6.8,0.0,3.6,269.2,22.2,25.6,29.0,25.0,17.24,0,1.7,1.26,0.78,1.02
56,70.7,7.5,0.0,3.0,120.0,19.4,23.1,26.9,20.7,14.62,0,1.95,1.49,1.03,1.18
57,64.1,8.7,0.0,2.3,46.7,12.3,16.6,21.0,12.8,9.93,0,1.51,1.52,1.23,0.79
58,59.9,9.3,0.89,1.7,21.4,8.0,12.6,17.3,9.8,7.39,1,0.13,1.51,1.07,0.6
59,50.1,9.8,21.27,1.5,3.3,-1.3,3.6,8.5,3.8,4.33,2,-0.97,1.55,0.88,0.47
60,62.2,7.6,21.02,1.1,36.5,-1.2,2.6,6.4,5.0,10.09,0,-0.56,1.3,1.06,0.56
61,75.9,7.7,14.51,1.5,27.1,0.7,4.5,8.4,5.5,8.34,0,0.17,0.11,1.08,0.67
62,62.1,11.9,4.09,2.8,5.2,5.7,11.6,17.6,7.6,3.65,4,-1.0,-1.38,0.93,0.53
63,65.7,11.2,0.0,3.5,82.8,12.0,17.6,23.2,12.5,12.42,0,-1.11,-1.23,1.1,0.87
64,66.2,10.8,0.0,4.2,97.3,16.7,22.1,27.5,16.2,11.65,0,-0.87,-0.73,1.23,0.9
65,66.7,10.6,0.0,4.9,88.8,22.1,27.4,32.7,21.0,9.27,1,-0.39,-0.7,1.09,0.72
66,76.4,6.9,0.0,4.0,217.1,25.0,28.4,31.9,28.2,15.1,0,0.25,-0.35,0.73,0.7
67,62.1,7.9,0.0,4.1,84.5,23.8,27.7,31.7,26.7,10.02,1,-0.3,-0.74,-0.62,0.11
68,66.3,8.9,0.0,3.1,111.6,17.4,21.8,26.3,18.1,13.99,0,0.08,-0.18,-0.7,0.26
69,60.2,10.1,0.0,2.5,16.8,14.1,19.1,24.2,15.4,5.47,2,-0.92,-0.47,-0.88,0.28
70,58.4,8.9,1.17,1.8,55.2,7.7,12.1,16.6,8.8,11.06,0,-0.11,-0.38,-0.71,0.29
71,56.8,8.9,16.59,1.4,15.7,0.5,4.9,9.4,5.1,8.76,0,-0.78,-0.23,-0.63,0.21
72,53.1,9.8,22.25,1.4,2.2,-1.7,3.2,8.1,4.2,1.53,3,-0.47,-1.02,-0.88,0.15
73,69.2,10.0,7.29,1.9,47.7,3.8,8.8,13.8,7.1,10.66,0,-0.55,-0.38,-0.82,0.21
74,76.8,8.5,1.91,2.3,78.2,7.1,11.3,15.6,8.8,13.02,0,0.62,-0.42,-0.29,0.48
75,66.7,10.7,0.0,3.6,31.9,11.7,17.0,22.4,10.7,7.98,3,-0.27,-0.48,-0.65,0.35
76,64.1,11.6,0.0,4.6,102.1,18.0,23.8,29.6,15.9,11.55,0,-0.45,-0.63,-0.72,0.42
77,75.0,8.5,0.0,4.3,148.9,21.9,26.1,30.4,21.7,11.84,0,-0.14,0.17,-0.18,0.62
78,77.7,6.9,0.0,3.8,369.8,23.9,27.3,30.8,26.6,19.21,0,1.99,1.81,0.9,1.0
79,64.7,7.3,0.0,3.9,134.3,23.8,27.4,31.1,26.4,12.37,0,1.69,1.45,1.13,0.4
80,64.4,9.6,0.0,3.2,30.3,17.6,22.4,27.2,18.8,7.49,2,1.11,0.82,0.62,-0.07
81,69.7,8.4,0.0,2.2,30.5,13.0,17.2,21.4,13.3,8.21,1,-0.98,1.01,0.74,-0.12
82,52.7,10.8,4.68,1.8,17.5,5.3,10.7,16.1,7.6,6.74,1,-1.63,0.9,0.5,-0.18
83,63.8,7.3,12.33,1.2,16.2,2.1,5.7,9.4,6.1,8.97,0,-0.94,0.69,0.55,-0.06
84,65.9,6.4,24.03,1.1,40.9,-2.9,0.3,3.5,3.8,10.58,0,0.03,-0.91,0.82,-0.06
85,62.0,11.3,22.15,1.8,5.4,-2.6,3.1,8.8,3.9,3.94,3,0.01,-1.5,0.59,-0.19
86,66.4,11.2,2.04,2.8,34.9,7.0,12.6,18.2,8.4,8.77,2,-0.89,-1.32,0.27,-0.04
87,70.6,9.9,0.0,3.2,115.6,11.8,16.7,21.7,12.3,14.54,0,-0.31,-0.23,0.89,0.17
88,65.7,11.0,0.0,4.4,86.0,17.6,23.1,28.6,16.5,10.94,0,-0.01,-0.03,0.84,0.11
89,72.9,9.5,0.0,4.3,42.9,20.9,25.6,30.4,21.2,6.53,2,-0.44,-0.7,0.19,-0.02
90,78.6,6.6,0.0,3.7,317.6,24.3,27.6,30.9,27.6,18.0,0,0.87,0.6,-0.15,0.49
91,64.7,7.8,0.0,3.8,230.2,22.7,26.6,30.5,26.0,15.85,0,1.41,1.29,0.48,1.11
92,69.4,7.9,0.0,3.0,40.6,18.9,22.8,26.8,20.5,8.77,1,1.54,1.09,0.54,0.84
93,66.4,8.5,0.0,2.3,56.6,13.6,17.8,22.1,14.2,10.75,0,0.53,0.85,0.67,1.02
94,59.5,8.9,2.66,1.7,9.4,6.5,10.9,15.4,8.4,5.06,2,-1.11,0.77,0.62,0.85
95,48.9,10.3,17.13,1.6,0.7,0.3,5.4,10.6,4.5,1.31,3,-1.11,1.07,0.46,0.77
96,52.8,9.9,23.68,1.4,3.7,-2.6,2.4,7.4,3.7,3.07,3,-2.06,-0.3,0.17,0.75
97,80.7,6.7,6.87,1.4,39.1,4.0,7.3,10.7,7.4,9.81,0,-1.04,-1.42,0.45,0.78
98,74.2,9.0,3.39,2.3,33.2,6.1,10.6,15.1,8.2,8.86,0,-0.5,-1.27,0.57,0.59
99,70.3,9.9,0.0,3.3,83.9,12.1,17.0,22.0,12.0,12.67,0,0.21,-1.14,0.39,0.86
100,70.6,10.0,0.0,3.9,138.0,16.3,21.3,26.3,15.7,13.79,0,0.69,0.22,0.82,1.09
101,67.7,10.0,0.0,5.0,121.1,22.7,27.7,32.7,20.5,10.85,0,0.79,0.52,1.19,0.91
102,74.6,7.3,0.0,4.1,110.6,24.5,28.1,31.8,26.4,10.98,1,-0.08,-0.03,-0.23,-0.26
103,65.9,7.5,0.0,3.8,154.5,22.8,26.5,30.3,26.0,13.16,0,-0.31,-0.0,-0.72,-0.19
104,72.4,7.6,0.0,2.9,49.0,18.7,22.5,26.3,20.4,9.41,1,-0.69,-0.19,-0.65,-0.09
105,60.8,10.0,0.0,2.7,20.9,14.2,19.2,24.2,13.3,6.85,2,-0.69,-0.54,-0.9,-0.2
106,61.6,8.6,9.94,1.4,64.6,2.9,7.2,11.5,7.0,12.27,0,-0.68,-0.65,-0.54,0.06
107,58.0,7.8,17.39,1.2,14.4,0.2,4.1,8.0,5.3,8.2,0,-0.29,-0.73,-0.39,0.06
108,55.6,8.9,21.77,1.3,2.2,-1.5,3.0,7.5,4.6,2.22,3,0.42,-0.51,-0.39,-0.17
109,75.7,7.8,12.57,1.4,26.8,1.5,5.4,9.3,6.2,8.28,0,-0.48,-0.86,-0.46,-0.0
110,76.1,8.8,5.23,2.2,50.1,5.1,9.5,13.9,7.2,10.6,0,-0.21,-0.48,-0.32,0.17
111,73.6,9.2,0.11,2.9,72.4,9.3,13.9,18.5,10.3,11.8,0,0.38,0.56,-0.32,0.02
112,74.3,9.0,0.0,3.7,111.5,16.7,21.2,25.7,16.5,12.24,0,0.69,0.42,-0.47,0.26
113,72.8,9.3,0.0,4.4,62.0,21.4,26.0,30.7,20.5,8.03,1,-0.03,-0.07,-0.78,0.34
114,78.1,6.7,0.0,3.8,222.8,24.8,28.1,31.5,28.5,15.29,0,0.54,0.58,0.11,-0.1
115,62.1,8.0,0.0,4.0,161.7,23.5,27.5,31.5,26.9,13.27,0,0.39,0.59,0.09,-0.48
116,72.9,7.4,0.0,2.8,144.0,19.2,22.9,26.6,22.0,15.77,0,1.14,0.88,0.66,0.0
117,60.9,10.1,0.0,2.3,19.2,11.4,16.4,21.5,12.8,5.72,2,0.5,0.62,0.71,-0.17
118,47.4,11.6,4.13,2.0,7.8,5.6,11.4,17.2,7.7,4.47,3,-0.17,0.16,0.25,-0.24
119,47.1,10.6,16.33,1.6,2.4,0.6,5.9,11.2,4.6,2.86,3,-1.87,0.31,0.1,-0.22
120,58.1,8.6,25.99,1.3,2.1,-4.7,-0.4,3.9,2.7,2.12,3,-2.21,-0.4,0.09,-0.22
121,70.8,10.1,16.43,1.7,37.3,-0.1,5.0,10.1,5.0,9.57,0,-1.32,-0.72,0.1,-0.27
122,66.4,10.8,7.15,2.7,23.2,4.2,9.6,15.0,5.7,7.4,2,-1.44,-2.15,-0.13,-0.35
123,61.6,12.2,0.0,3.8,14.9,11.2,17.3,23.4,10.6,5.76,4,-1.92,-2.67,-0.68,-0.72
124,69.1,10.5,0.0,4.2,51.4,16.4,21.6,26.9,14.7,8.65,2,-2.23,-2.38,-1.19,-1.14
125,74.4,9.4,0.0,4.4,79.3,21.5,26.2,30.9,21.1,8.68,0,-1.99,-2.35,-1.14,-1.25
126,70.9,8.8,0.0,4.3,83.0,23.8,28.2,32.6,26.0,9.82,2,-1.8,-2.18,-2.07,-1.35
127,67.1,6.8,0.0,3.6,122.5,22.6,26.0,29.4,25.8,11.99,0,-1.08,-1.95,-1.99,-1.47
128,76.6,6.7,0.0,2.7,114.1,17.7,21.0,24.4,18.7,13.83,0,-0.59,-1.42,-1.99,-1.2
129,67.0,8.6,0.0,2.2,67.4,12.3,16.6,20.9,13.1,11.8,0,0.47,-0.86,-1.75,-0.93
130,72.6,6.3,0.27,1.4,101.6,8.9,12.0,15.2,10.9,14.87,0,1.44,-0.04,-1.21,-0.79
131,60.8,8.0,18.71,1.3,11.8,-0.3,3.7,7.7,4.7,7.77,0,1.45,0.09,-1.13,-0.81
132,65.3,6.7,22.01,1.1,8.2,-1.6,1.8,5.2,4.4,5.06,1,1.56,0.95,-1.07,-0.76
133,76.9,7.6,18.24,1.6,1.9,-0.6,3.2,7.0,4.2,2.07,3,-1.39,1.01,-1.23,-0.88
134,75.3,9.1,6.71,2.2,35.6,4.4,8.9,13.5,7.1,8.93,0,-1.24,0.6,-1.11,-0.94
135,71.1,10.5,0.0,3.4,55.3,12.6,17.8,23.1,12.9,10.15,1,-1.19,-0.03,-0.85,-1.07
136,72.9,9.5,0.0,3.8,61.2,17.5,22.2,27.0,17.6,9.21,1,-0.88,-1.28,-0.73,-1.3
137,69.8,10.0,0.0,4.7,63.5,21.9,26.9,31.9,20.6,7.56,2,-1.36,-1.66,-0.94,-1.35
138,70.0,7.9,0.0,4.4,129.4,25.0,28.9,32.9,27.5,11.35,1,-1.36,-1.58,-0.61,-1.74
139,62.1,7.6,0.0,3.9,134.4,22.9,26.7,30.5,25.8,12.6,0,-0.88,-1.19,-0.55,-1.83
140,65.3,9.0,0.0,3.1,101.6,17.3,21.8,26.3,18.1,13.14,0,-0.39,-1.0,-0.71,-1.97
141,63.4,9.0,0.0,2.4,25.7,12.8,17.3,21.8,12.5,7.22,1,-0.28,-1.06,-0.96,-1.95
142,62.8,8.4,5.26,1.6,30.1,5.0,9.2,13.4,7.5,8.49,0,-0.37,-0.94,-1.35,-1.82
143,63.9,6.6,19.75,1.1,20.2,-0.7,2.6,5.9,4.7,9.83,0,-0.65,-0.61,-1.3,-1.73
144,58.3,8.9,23.45,1.2,10.7,-2.4,2.1,6.6,4.7,5.59,1,-0.2,-0.34,-1.3,-1.67
145,76.3,8.1,14.51,1.3,17.6,0.7,4.7,8.8,6.2,6.74,0,0.05,-0.4,-1.17,-1.69
146,71.5,9.7,2.45,2.5,21.6,6.7,11.5,16.4,8.0,7.24,2,-1.2,-1.25,-1.32,-1.7
147,63.5,11.6,0.0,3.5,51.0,10.2,16.0,21.8,10.4,9.99,1,-1.29,-1.2,-1.45,-1.56
148,71.8,9.7,0.0,3.8,136.3,16.9,21.7,26.6,17.0,13.62,0,-0.16,-0.15,-1.02,-1.19
149,71.5,9.4,0.0,4.4,76.2,21.6,26.3,31.0,21.5,8.52,0,-0.08,-0.52,-0.92,-1.21
150,71.1,7.7,0.0,4.4,118.0,25.5,29.3,33.2,28.0,11.4,1,-0.39,-0.95,-0.98,-1.03
151,55.8,8.6,0.0,4.6,153.3,24.8,29.1,33.4,26.3,13.18,0,-0.81,-0.82,-0.92,-1.06
152,69.2,8.5,0.0,3.1,80.9,18.1,22.3,26.6,18.6,11.81,0,-0.7,-0.64,-1.02,-1.25
153,59.1,10.3,0.0,2.6,22.0,12.5,17.6,22.8,11.9,6.99,2,-0.64,-0.7,-1.05,-1.46
154,60.2,8.3,2.66,1.7,31.0,6.5,10.6,14.8,8.2,8.53,0,-0.87,-1.11,-1.05,-1.73
155,52.9,9.9,20.01,1.5,0.5,-0.8,4.2,9.2,4.2,1.07,3,-1.44,-1.2,-1.23,-1.79
156,47.5,10.6,18.71,1.6,10.8,-0.3,5.0,10.3,4.6,4.16,3,-1.48,-1.13,-1.29,-1.81
157,81.3,6.5,14.75,1.3,39.2,0.6,3.8,7.1,5.6,9.61,0,-0.78,-1.14,-1.18,-1.66
158,66.0,10.7,2.04,2.6,28.7,7.0,12.3,17.7,8.8,7.88,2,-0.79,-1.63,-1.19,-1.75
159,73.3,9.3,0.0,3.0,85.6,11.9,16.5,21.2,13.1,12.58,0,0.21,-0.72,-0.95,-1.62
160,70.0,10.6,0.0,3.4,89.7,12.5,17.8,23.1,13.9,11.53,0,0.14,-0.19,-1.19,-1.48
161,72.6,8.9,0.0,4.3,59.5,21.1,25.5,30.0,21.0,7.69,1,-0.06,-0.33,-1.35,-1.47
162,65.5,9.0,0.0,4.2,119.5,22.7,27.2,31.7,26.3,11.25,1,-0.86,-0.65,-1.28,-1.44
163,64.9,8.0,0.0,3.6,118.1,21.2,25.2,29.2,24.4,12.15,0,-0.91,-0.76,-1.2,-1.48
164,73.9,7.0,0.0,2.6,171.1,18.4,21.9,25.4,21.0,16.81,0,0.25,0.12,-0.56,-1.16
165,62.5,8.7,0.0,2.4,64.7,13.6,17.9,22.3,13.7,10.98,0,0.93,0.07,-0.25,-0.98
166,63.9,7.6,1.97,1.5,44.4,7.0,10.8,14.6,8.9,9.96,0,1.36,0.02,-0.14,-0.93
167,45.7,9.6,19.75,1.6,3.5,-0.7,4.1,8.9,3.7,2.57,3,-0.16,0.16,-0.14,-1.05
168,55.4,9.4,18.45,1.5,19.8,-0.2,4.5,9.2,4.8,7.61,1,-0.63,0.68,-0.07,-1.05
169,69.3,9.7,14.02,1.7,26.3,0.9,5.7,10.6,5.6,6.89,0,-1.26,0.95,-0.22,-1.05
170,72.7,9.4,3.06,2.3,42.8,6.3,11.0,15.7,8.8,9.78,0,-0.47,-0.51,-0.06,-0.94
171,67.1,10.2,0.0,3.1,96.8,10.5,15.6,20.7,12.1,13.27,0,0.35,-0.06,0.02,-0.69
172,68.9,9.9,0.0,3.8,112.6,16.4,21.3,26.3,17.4,12.75,0,0.78,0.22,0.08,-0.78
173,76.5,7.9,0.0,4.1,133.0,21.5,25.4,29.4,21.2,11.29,0,1.19,0.88,0.65,-0.48
174,68.9,8.4,0.0,4.1,176.6,22.5,26.7,30.9,25.4,13.39,0,0.76,0.76,1.02,-0.14
175,57.5,9.1,0.0,4.1,122.2,21.9,26.4,31.0,25.4,12.16,0,0.25,0.51,0.88,-0.25
176,67.4,8.8,0.0,3.0,71.4,17.8,22.2,26.6,19.7,10.99,0,-0.3,0.37,0.15,-0.31
177,57.6,10.3,0.0,2.5,74.4,12.4,17.5,22.7,13.2,12.13,0,-0.27,0.31,0.2,-0.04
178,74.6,5.9,2.96,1.1,81.6,6.3,9.2,12.2,9.9,13.17,0,0.79,0.52,0.49,0.26
179,58.1,8.2,15.26,1.2,7.6,1.0,5.1,9.2,5.8,5.51,0,1.22,0.24,0.59,0.35
180,60.6,8.0,22.97,1.1,17.2,-2.0,2.0,6.0,4.7,6.8,0,1.48,0.29,0.63,0.43
181,56.8,11.5,16.27,2.0,24.9,0.2,5.9,11.7,4.9,7.59,1,-0.7,0.48,0.57,0.27
182,69.0,10.9,3.56,2.6,22.8,6.0,11.4,16.9,8.0,5.76,2,-1.38,0.25,0.43,0.26
183,70.6,9.9,0.0,3.2,69.6,13.0,17.9,22.9,14.2,11.27,0,-1.08,0.03,0.28,0.17
184,65.9,10.0,0.0,3.8,97.6,15.3,20.3,25.3,16.1,12.14,0,-0.37,-0.61,0.18,0.17
185,66.0,10.0,0.0,4.4,159.1,20.4,25.4,30.4,22.0,12.24,0,0.88,0.28,0.32,0.61
186,72.9,7.6,0.0,3.9,257.7,24.1,27.9,31.7,29.0,16.11,0,1.46,0.92,0.89,1.17
187,62.2,8.1,0.0,4.0,129.7,23.7,27.7,31.8,27.7,12.73,0,1.08,0.78,0.88,1.19
188,66.9,9.4,0.0,3.3,50.7,18.7,23.4,28.1,18.9,8.6,1,0.3,0.63,0.66,0.6
189,74.6,6.8,0.0,1.9,118.1,13.7,17.1,20.5,15.3,14.83,0,0.2,1.11,1.01,0.9
190,66.5,8.5,3.95,1.3,49.7,5.7,9.9,14.2,9.7,10.65,0,0.72,1.15,0.78,0.95
191,52.6,8.9,13.12,1.3,25.6,1.8,6.2,10.7,6.5,10.98,0,1.8,1.0,0.87,1.09
192,60.1,8.3,16.59,1.3,26.3,0.5,4.6,8.8,5.6,8.63,0,0.99,0.51,0.88,1.12
193,60.1,10.6,14.26,1.8,25.4,0.8,6.1,11.4,5.5,7.81,1,0.22,0.7,0.91,1.09
194,69.0,10.7,7.61,2.4,37.0,4.0,9.3,14.7,7.1,8.9,0,-0.47,1.45,1.05,1.06
195,64.0,11.0,0.0,3.5,68.3,11.7,17.2,22.7,12.3,11.13,0,-0.77,-0.03,1.05,0.91
196,52.7,11.6,0.0,4.7,77.6,17.0,22.8,28.6,15.9,10.71,1,-0.95,-0.78,0.8,0.66
197,70.1,9.7,0.0,4.3,88.8,20.5,25.3,30.2,21.1,9.41,0,-0.85,-0.89,0.4,0.45
198,61.5,8.5,0.0,4.6,102.6,25.0,29.2,33.5,29.1,10.54,2,-1.43,-1.46,-0.84,0.06
199,59.9,8.0,0.0,3.9,163.8,23.3,27.3,31.3,28.5,13.97,0,-0.57,-0.99,-0.54,0.24
200,71.9,7.9,0.0,2.9,108.9,19.0,22.9,26.9,21.5,13.84,0,-0.31,-0.69,-0.12,0.41
201,72.7,7.6,0.0,1.8,90.7,12.0,15.8,19.6,14.4,13.19,0,1.01,-0.22,-0.26,0.58
202,55.8,9.8,3.61,1.8,13.7,5.9,10.8,15.7,8.1,4.33,2,0.66,-0.18,-0.57,0.15
203,41.8,9.8,17.66,1.5,4.1,0.1,5.0,9.9,4.5,2.71,2,0.0,-0.27,-0.74,0.11
204,59.6,7.9,23.45,1.2,36.1,-2.4,1.6,5.6,4.3,9.85,0,-0.94,0.67,-0.67,0.16
205,62.4,10.8,17.61,1.8,17.6,-0.6,4.8,10.2,4.7,6.52,1,-0.62,0.36,-0.71,0.16
206,68.8,10.9,2.45,2.4,50.4,6.7,12.1,17.6,9.8,10.58,0,0.1,-0.04,-0.63,0.33
207,64.1,11.4,0.0,3.4,75.6,12.0,17.7,23.4,13.3,11.86,0,-0.45,-0.89,-0.58,0.35
208,69.4,9.4,0.0,3.8,132.2,17.4,22.1,26.8,18.6,13.63,0,0.7,0.37,-0.04,0.52
209,65.3,10.5,0.0,4.8,69.5,21.6,26.8,32.1,21.2,8.29,2,-0.01,0.06,-0.28,0.06
210,71.9,7.9,0.0,4.1,134.6,24.8,28.7,32.7,29.0,12.06,0,-0.36,-0.53,0.08,-0.51
211,52.1,8.3,0.0,4.4,127.2,24.2,28.3,32.5,27.8,12.11,0,-0.93,-0.51,-0.29,-0.62
212,69.6,8.7,0.0,3.1,86.8,18.3,22.6,27.0,19.2,12.39,0,-0.6,-0.53,-0.49,-0.46
213,53.4,11.0,0.0,2.6,22.4,11.1,16.6,22.1,10.9,5.06,2,-0.79,-0.77,-1.0,-0.96
214,69.5,9.0,2.96,1.5,46.7,6.3,10.8,15.3,9.5,10.17,0,-0.44,-1.01,-0.77,-1.01
215,62.1,7.0,17.13,1.1,22.9,0.3,3.8,7.3,5.6,10.16,0,-0.39,-0.69,-0.6,-0.99
